State,ID,Electoral votes,Candidate 1,Candidate 2,Candidate 1 campaigning poor,Candidate 2 campaigning poor,Candidate 1 campaigning middle,Candidate 2 campaigning middle,Candidate 1 campaigning rich,Candidate 2 campaigning rich,Chances canidate 1,Chances Candidate 2
California,378;484;743,22,Landon,Garner,Yes,No,No,No,No,No,25,75
,,,,,Yes,Yes,No,No,No,No,20,80
,,,,,Yes,No,No,Yes,No,No,18,82
,,,,,Yes,No,No,No,No,Yes,23,77
,,,,,No,No,Yes,No,No,No,40,60
,,,,,No,Yes,Yes,No,No,No,20,80
,,,,,No,No,Yes,Yes,No,No,20,80
,,,,,No,No,Yes,No,No,Yes,35,65
,,,,,No,No,No,No,Yes,No,25,75
,,,,,No,Yes,No,No,Yes,No,20,80
,,,,,No,No,No,Yes,Yes,No,18,82
,,,,,No,No,No,No,Yes,Yes,23,77
,,,,,No,Yes,No,No,No,No,20,80
,,,,,No,No,No,Yes,No,No,15,85
,,,,,No,No,No,No,No,Yes,10,90
,,,,,No,No,No,No,No,No,18,82
,,,,Long,Yes,No,No,No,No,No,30,70
,,,,,Yes,Yes,No,No,No,No,25,75
,,,,,Yes,No,No,Yes,No,No,23,77
,,,,,Yes,No,No,No,No,Yes,28,72
,,,,,No,No,Yes,No,No,No,45,55
,,,,,No,Yes,Yes,No,No,No,25,75
,,,,,No,No,Yes,Yes,No,No,25,75
,,,,,No,No,Yes,No,No,Yes,40,60
,,,,,No,No,No,No,Yes,No,30,70
,,,,,No,Yes,No,No,Yes,No,25,75
,,,,,No,No,No,Yes,Yes,No,23,77
,,,,,No,No,No,No,Yes,Yes,28,72
,,,,,No,Yes,No,No,No,No,25,75
,,,,,No,No,No,Yes,No,No,20,80
,,,,,No,No,No,No,No,Yes,15,85
,,,,,No,No,No,No,No,No,23,77
,,,Roosevelt,Garner,Yes,No,No,No,No,No,22,78
,,,,,Yes,Yes,No,No,No,No,17,83
,,,,,Yes,No,No,Yes,No,No,15,85
,,,,,Yes,No,No,No,No,Yes,20,80
,,,,,No,No,Yes,No,No,No,37,63
,,,,,No,Yes,Yes,No,No,No,17,83
,,,,,No,No,Yes,Yes,No,No,17,83
,,,,,No,No,Yes,No,No,Yes,32,68
,,,,,No,No,No,No,Yes,No,22,78
,,,,,No,Yes,No,No,Yes,No,17,83
,,,,,No,No,No,Yes,Yes,No,15,85
,,,,,No,No,No,No,Yes,Yes,20,80
,,,,,No,Yes,No,No,No,No,17,83
,,,,,No,No,No,Yes,No,No,12,88
,,,,,No,No,No,No,No,Yes,7,93
,,,,,No,No,No,No,No,No,15,85
,,,,Long,Yes,No,No,No,No,No,27,73
,,,,,Yes,Yes,No,No,No,No,22,78
,,,,,Yes,No,No,Yes,No,No,20,80
,,,,,Yes,No,No,No,No,Yes,25,75
,,,,,No,No,Yes,No,No,No,42,58
,,,,,No,Yes,Yes,No,No,No,22,78
,,,,,No,No,Yes,Yes,No,No,22,78
,,,,,No,No,Yes,No,No,Yes,37,63
,,,,,No,No,No,No,Yes,No,27,73
,,,,,No,Yes,No,No,Yes,No,22,78
,,,,,No,No,No,Yes,Yes,No,20,80
,,,,,No,No,No,No,Yes,Yes,25,75
,,,,,No,Yes,No,No,No,No,22,78
,,,,,No,No,No,Yes,No,No,17,83
,,,,,No,No,No,No,No,Yes,12,88
,,,,,No,No,No,No,No,No,20,80
Oregon,385,5,Landon,Garner,Yes,No,No,No,No,No,25,75
,,,,,Yes,Yes,No,No,No,No,20,80
,,,,,Yes,No,No,Yes,No,No,18,82
,,,,,Yes,No,No,No,No,Yes,23,77
,,,,,No,No,Yes,No,No,No,40,60
,,,,,No,Yes,Yes,No,No,No,20,80
,,,,,No,No,Yes,Yes,No,No,20,80
,,,,,No,No,Yes,No,No,Yes,35,65
,,,,,No,No,No,No,Yes,No,25,75
,,,,,No,Yes,No,No,Yes,No,20,80
,,,,,No,No,No,Yes,Yes,No,18,82
,,,,,No,No,No,No,Yes,Yes,23,77
,,,,,No,Yes,No,No,No,No,20,80
,,,,,No,No,No,Yes,No,No,15,85
,,,,,No,No,No,No,No,Yes,10,90
,,,,,No,No,No,No,No,No,18,82
,,,,Long,Yes,No,No,No,No,No,30,70
,,,,,Yes,Yes,No,No,No,No,25,75
,,,,,Yes,No,No,Yes,No,No,23,77
,,,,,Yes,No,No,No,No,Yes,28,72
,,,,,No,No,Yes,No,No,No,45,55
,,,,,No,Yes,Yes,No,No,No,25,75
,,,,,No,No,Yes,Yes,No,No,25,75
,,,,,No,No,Yes,No,No,Yes,40,60
,,,,,No,No,No,No,Yes,No,30,70
,,,,,No,Yes,No,No,Yes,No,25,75
,,,,,No,No,No,Yes,Yes,No,23,77
,,,,,No,No,No,No,Yes,Yes,28,72
,,,,,No,Yes,No,No,No,No,25,75
,,,,,No,No,No,Yes,No,No,20,80
,,,,,No,No,No,No,No,Yes,15,85
,,,,,No,No,No,No,No,No,23,77
,,,Roosevelt,Garner,Yes,No,No,No,No,No,22,78
,,,,,Yes,Yes,No,No,No,No,17,83
,,,,,Yes,No,No,Yes,No,No,15,85
,,,,,Yes,No,No,No,No,Yes,20,80
,,,,,No,No,Yes,No,No,No,37,63
,,,,,No,Yes,Yes,No,No,No,17,83
,,,,,No,No,Yes,Yes,No,No,17,83
,,,,,No,No,Yes,No,No,Yes,32,68
,,,,,No,No,No,No,Yes,No,22,78
,,,,,No,Yes,No,No,Yes,No,17,83
,,,,,No,No,No,Yes,Yes,No,15,85
,,,,,No,No,No,No,Yes,Yes,20,80
,,,,,No,Yes,No,No,No,No,17,83
,,,,,No,No,No,Yes,No,No,12,88
,,,,,No,No,No,No,No,Yes,7,93
,,,,,No,No,No,No,No,No,15,85
,,,,Long,Yes,No,No,No,No,No,27,73
,,,,,Yes,Yes,No,No,No,No,22,78
,,,,,Yes,No,No,Yes,No,No,20,80
,,,,,Yes,No,No,No,No,Yes,25,75
,,,,,No,No,Yes,No,No,No,42,58
,,,,,No,Yes,Yes,No,No,No,22,78
,,,,,No,No,Yes,Yes,No,No,22,78
,,,,,No,No,Yes,No,No,Yes,37,63
,,,,,No,No,No,No,Yes,No,27,73
,,,,,No,Yes,No,No,Yes,No,22,78
,,,,,No,No,No,Yes,Yes,No,20,80
,,,,,No,No,No,No,Yes,Yes,25,75
,,,,,No,Yes,No,No,No,No,22,78
,,,,,No,No,No,Yes,No,No,17,83
,,,,,No,No,No,No,No,Yes,12,88
,,,,,No,No,No,No,No,No,20,80
Washington,386,8,Landon,Garner,Yes,No,No,No,No,No,25,75
,,,,,Yes,Yes,No,No,No,No,20,80
,,,,,Yes,No,No,Yes,No,No,18,82
,,,,,Yes,No,No,No,No,Yes,23,77
,,,,,No,No,Yes,No,No,No,40,60
,,,,,No,Yes,Yes,No,No,No,20,80
,,,,,No,No,Yes,Yes,No,No,20,80
,,,,,No,No,Yes,No,No,Yes,35,65
,,,,,No,No,No,No,Yes,No,25,75
,,,,,No,Yes,No,No,Yes,No,20,80
,,,,,No,No,No,Yes,Yes,No,18,82
,,,,,No,No,No,No,Yes,Yes,23,77
,,,,,No,Yes,No,No,No,No,20,80
,,,,,No,No,No,Yes,No,No,15,85
,,,,,No,No,No,No,No,Yes,10,90
,,,,,No,No,No,No,No,No,18,82
,,,,Long,Yes,No,No,No,No,No,30,70
,,,,,Yes,Yes,No,No,No,No,25,75
,,,,,Yes,No,No,Yes,No,No,23,77
,,,,,Yes,No,No,No,No,Yes,28,72
,,,,,No,No,Yes,No,No,No,45,55
,,,,,No,Yes,Yes,No,No,No,25,75
,,,,,No,No,Yes,Yes,No,No,25,75
,,,,,No,No,Yes,No,No,Yes,40,60
,,,,,No,No,No,No,Yes,No,30,70
,,,,,No,Yes,No,No,Yes,No,25,75
,,,,,No,No,No,Yes,Yes,No,23,77
,,,,,No,No,No,No,Yes,Yes,28,72
,,,,,No,Yes,No,No,No,No,25,75
,,,,,No,No,No,Yes,No,No,20,80
,,,,,No,No,No,No,No,Yes,15,85
,,,,,No,No,No,No,No,No,23,77
,,,Roosevelt,Garner,Yes,No,No,No,No,No,22,78
,,,,,Yes,Yes,No,No,No,No,17,83
,,,,,Yes,No,No,Yes,No,No,15,85
,,,,,Yes,No,No,No,No,Yes,20,80
,,,,,No,No,Yes,No,No,No,37,63
,,,,,No,Yes,Yes,No,No,No,17,83
,,,,,No,No,Yes,Yes,No,No,17,83
,,,,,No,No,Yes,No,No,Yes,32,68
,,,,,No,No,No,No,Yes,No,22,78
,,,,,No,Yes,No,No,Yes,No,17,83
,,,,,No,No,No,Yes,Yes,No,15,85
,,,,,No,No,No,No,Yes,Yes,20,80
,,,,,No,Yes,No,No,No,No,17,83
,,,,,No,No,No,Yes,No,No,12,88
,,,,,No,No,No,No,No,Yes,7,93
,,,,,No,No,No,No,No,No,15,85
,,,,Long,Yes,No,No,No,No,No,27,73
,,,,,Yes,Yes,No,No,No,No,22,78
,,,,,Yes,No,No,Yes,No,No,20,80
,,,,,Yes,No,No,No,No,Yes,25,75
,,,,,No,No,Yes,No,No,No,42,58
,,,,,No,Yes,Yes,No,No,No,22,78
,,,,,No,No,Yes,Yes,No,No,22,78
,,,,,No,No,Yes,No,No,Yes,37,63
,,,,,No,No,No,No,Yes,No,27,73
,,,,,No,Yes,No,No,Yes,No,22,78
,,,,,No,No,No,Yes,Yes,No,20,80
,,,,,No,No,No,No,Yes,Yes,25,75
,,,,,No,Yes,No,No,No,No,22,78
,,,,,No,No,No,Yes,No,No,17,83
,,,,,No,No,No,No,No,Yes,12,88
,,,,,No,No,No,No,No,No,20,80
Idaho,387;831,4,Landon,Garner,Yes,No,No,No,No,No,26,74
,,,,,Yes,Yes,No,No,No,No,21,79
,,,,,Yes,No,No,Yes,No,No,19,81
,,,,,Yes,No,No,No,No,Yes,24,76
,,,,,No,No,Yes,No,No,No,41,59
,,,,,No,Yes,Yes,No,No,No,21,79
,,,,,No,No,Yes,Yes,No,No,21,79
,,,,,No,No,Yes,No,No,Yes,36,64
,,,,,No,No,No,No,Yes,No,26,74
,,,,,No,Yes,No,No,Yes,No,21,79
,,,,,No,No,No,Yes,Yes,No,19,81
,,,,,No,No,No,No,Yes,Yes,24,76
,,,,,No,Yes,No,No,No,No,21,79
,,,,,No,No,No,Yes,No,No,16,84
,,,,,No,No,No,No,No,Yes,11,89
,,,,,No,No,No,No,No,No,19,81
,,,,Long,Yes,No,No,No,No,No,31,69
,,,,,Yes,Yes,No,No,No,No,26,74
,,,,,Yes,No,No,Yes,No,No,24,76
,,,,,Yes,No,No,No,No,Yes,29,71
,,,,,No,No,Yes,No,No,No,46,54
,,,,,No,Yes,Yes,No,No,No,26,74
,,,,,No,No,Yes,Yes,No,No,26,74
,,,,,No,No,Yes,No,No,Yes,41,59
,,,,,No,No,No,No,Yes,No,31,69
,,,,,No,Yes,No,No,Yes,No,26,74
,,,,,No,No,No,Yes,Yes,No,24,76
,,,,,No,No,No,No,Yes,Yes,29,71
,,,,,No,Yes,No,No,No,No,26,74
,,,,,No,No,No,Yes,No,No,21,79
,,,,,No,No,No,No,No,Yes,16,84
,,,,,No,No,No,No,No,No,24,76
,,,Roosevelt,Garner,Yes,No,No,No,No,No,23,77
,,,,,Yes,Yes,No,No,No,No,18,82
,,,,,Yes,No,No,Yes,No,No,16,84
,,,,,Yes,No,No,No,No,Yes,21,79
,,,,,No,No,Yes,No,No,No,38,62
,,,,,No,Yes,Yes,No,No,No,18,82
,,,,,No,No,Yes,Yes,No,No,18,82
,,,,,No,No,Yes,No,No,Yes,33,67
,,,,,No,No,No,No,Yes,No,23,77
,,,,,No,Yes,No,No,Yes,No,18,82
,,,,,No,No,No,Yes,Yes,No,16,84
,,,,,No,No,No,No,Yes,Yes,21,79
,,,,,No,Yes,No,No,No,No,18,82
,,,,,No,No,No,Yes,No,No,13,87
,,,,,No,No,No,No,No,Yes,8,92
,,,,,No,No,No,No,No,No,16,84
,,,,Long,Yes,No,No,No,No,No,28,72
,,,,,Yes,Yes,No,No,No,No,23,77
,,,,,Yes,No,No,Yes,No,No,21,79
,,,,,Yes,No,No,No,No,Yes,26,74
,,,,,No,No,Yes,No,No,No,43,57
,,,,,No,Yes,Yes,No,No,No,23,77
,,,,,No,No,Yes,Yes,No,No,23,77
,,,,,No,No,Yes,No,No,Yes,38,62
,,,,,No,No,No,No,Yes,No,28,72
,,,,,No,Yes,No,No,Yes,No,23,77
,,,,,No,No,No,Yes,Yes,No,21,79
,,,,,No,No,No,No,Yes,Yes,26,74
,,,,,No,Yes,No,No,No,No,23,77
,,,,,No,No,No,Yes,No,No,18,82
,,,,,No,No,No,No,No,Yes,13,87
,,,,,No,No,No,No,No,No,21,79
Utah,380,4,Landon,Garner,Yes,No,No,No,No,No,25,75
,,,,,Yes,Yes,No,No,No,No,20,80
,,,,,Yes,No,No,Yes,No,No,18,82
,,,,,Yes,No,No,No,No,Yes,23,77
,,,,,No,No,Yes,No,No,No,40,60
,,,,,No,Yes,Yes,No,No,No,20,80
,,,,,No,No,Yes,Yes,No,No,20,80
,,,,,No,No,Yes,No,No,Yes,35,65
,,,,,No,No,No,No,Yes,No,25,75
,,,,,No,Yes,No,No,Yes,No,20,80
,,,,,No,No,No,Yes,Yes,No,18,82
,,,,,No,No,No,No,Yes,Yes,23,77
,,,,,No,Yes,No,No,No,No,20,80
,,,,,No,No,No,Yes,No,No,15,85
,,,,,No,No,No,No,No,Yes,10,90
,,,,,No,No,No,No,No,No,18,82
,,,,Long,Yes,No,No,No,No,No,30,70
,,,,,Yes,Yes,No,No,No,No,25,75
,,,,,Yes,No,No,Yes,No,No,23,77
,,,,,Yes,No,No,No,No,Yes,28,72
,,,,,No,No,Yes,No,No,No,45,55
,,,,,No,Yes,Yes,No,No,No,25,75
,,,,,No,No,Yes,Yes,No,No,25,75
,,,,,No,No,Yes,No,No,Yes,40,60
,,,,,No,No,No,No,Yes,No,30,70
,,,,,No,Yes,No,No,Yes,No,25,75
,,,,,No,No,No,Yes,Yes,No,23,77
,,,,,No,No,No,No,Yes,Yes,28,72
,,,,,No,Yes,No,No,No,No,25,75
,,,,,No,No,No,Yes,No,No,20,80
,,,,,No,No,No,No,No,Yes,15,85
,,,,,No,No,No,No,No,No,23,77
,,,Roosevelt,Garner,Yes,No,No,No,No,No,22,78
,,,,,Yes,Yes,No,No,No,No,17,83
,,,,,Yes,No,No,Yes,No,No,15,85
,,,,,Yes,No,No,No,No,Yes,20,80
,,,,,No,No,Yes,No,No,No,37,63
,,,,,No,Yes,Yes,No,No,No,17,83
,,,,,No,No,Yes,Yes,No,No,17,83
,,,,,No,No,Yes,No,No,Yes,32,68
,,,,,No,No,No,No,Yes,No,22,78
,,,,,No,Yes,No,No,Yes,No,17,83
,,,,,No,No,No,Yes,Yes,No,15,85
,,,,,No,No,No,No,Yes,Yes,20,80
,,,,,No,Yes,No,No,No,No,17,83
,,,,,No,No,No,Yes,No,No,12,88
,,,,,No,No,No,No,No,Yes,7,93
,,,,,No,No,No,No,No,No,15,85
,,,,Long,Yes,No,No,No,No,No,27,73
,,,,,Yes,Yes,No,No,No,No,22,78
,,,,,Yes,No,No,Yes,No,No,20,80
,,,,,Yes,No,No,No,No,Yes,25,75
,,,,,No,No,Yes,No,No,No,42,58
,,,,,No,Yes,Yes,No,No,No,22,78
,,,,,No,No,Yes,Yes,No,No,22,78
,,,,,No,No,Yes,No,No,Yes,37,63
,,,,,No,No,No,No,Yes,No,27,73
,,,,,No,Yes,No,No,Yes,No,22,78
,,,,,No,No,No,Yes,Yes,No,20,80
,,,,,No,No,No,No,Yes,Yes,25,75
,,,,,No,Yes,No,No,No,No,22,78
,,,,,No,No,No,Yes,No,No,17,83
,,,,,No,No,No,No,No,Yes,12,88
,,,,,No,No,No,No,No,No,20,80
Nevada,379,3,Landon,Garner,Yes,No,No,No,No,No,20,80
,,,,,Yes,Yes,No,No,No,No,15,85
,,,,,Yes,No,No,Yes,No,No,13,87
,,,,,Yes,No,No,No,No,Yes,18,82
,,,,,No,No,Yes,No,No,No,35,65
,,,,,No,Yes,Yes,No,No,No,15,85
,,,,,No,No,Yes,Yes,No,No,15,85
,,,,,No,No,Yes,No,No,Yes,30,70
,,,,,No,No,No,No,Yes,No,20,80
,,,,,No,Yes,No,No,Yes,No,15,85
,,,,,No,No,No,Yes,Yes,No,13,87
,,,,,No,No,No,No,Yes,Yes,18,82
,,,,,No,Yes,No,No,No,No,15,85
,,,,,No,No,No,Yes,No,No,10,90
,,,,,No,No,No,No,No,Yes,5,95
,,,,,No,No,No,No,No,No,13,87
,,,,Long,Yes,No,No,No,No,No,25,75
,,,,,Yes,Yes,No,No,No,No,20,80
,,,,,Yes,No,No,Yes,No,No,18,82
,,,,,Yes,No,No,No,No,Yes,23,77
,,,,,No,No,Yes,No,No,No,40,60
,,,,,No,Yes,Yes,No,No,No,20,80
,,,,,No,No,Yes,Yes,No,No,20,80
,,,,,No,No,Yes,No,No,Yes,35,65
,,,,,No,No,No,No,Yes,No,25,75
,,,,,No,Yes,No,No,Yes,No,20,80
,,,,,No,No,No,Yes,Yes,No,18,82
,,,,,No,No,No,No,Yes,Yes,23,77
,,,,,No,Yes,No,No,No,No,20,80
,,,,,No,No,No,Yes,No,No,15,85
,,,,,No,No,No,No,No,Yes,10,90
,,,,,No,No,No,No,No,No,18,82
,,,Roosevelt,Garner,Yes,No,No,No,No,No,17,83
,,,,,Yes,Yes,No,No,No,No,12,88
,,,,,Yes,No,No,Yes,No,No,10,90
,,,,,Yes,No,No,No,No,Yes,15,85
,,,,,No,No,Yes,No,No,No,32,68
,,,,,No,Yes,Yes,No,No,No,12,88
,,,,,No,No,Yes,Yes,No,No,12,88
,,,,,No,No,Yes,No,No,Yes,27,73
,,,,,No,No,No,No,Yes,No,17,83
,,,,,No,Yes,No,No,Yes,No,12,88
,,,,,No,No,No,Yes,Yes,No,10,90
,,,,,No,No,No,No,Yes,Yes,15,85
,,,,,No,Yes,No,No,No,No,12,88
,,,,,No,No,No,Yes,No,No,7,93
,,,,,No,No,No,No,No,Yes,2,98
,,,,,No,No,No,No,No,No,10,90
,,,,Long,Yes,No,No,No,No,No,22,78
,,,,,Yes,Yes,No,No,No,No,17,83
,,,,,Yes,No,No,Yes,No,No,15,85
,,,,,Yes,No,No,No,No,Yes,20,80
,,,,,No,No,Yes,No,No,No,37,63
,,,,,No,Yes,Yes,No,No,No,17,83
,,,,,No,No,Yes,Yes,No,No,17,83
,,,,,No,No,Yes,No,No,Yes,32,68
,,,,,No,No,No,No,Yes,No,22,78
,,,,,No,Yes,No,No,Yes,No,17,83
,,,,,No,No,No,Yes,Yes,No,15,85
,,,,,No,No,No,No,Yes,Yes,20,80
,,,,,No,Yes,No,No,No,No,17,83
,,,,,No,No,No,Yes,No,No,12,88
,,,,,No,No,No,No,No,Yes,7,93
,,,,,No,No,No,No,No,No,15,85
Arizona,377,3,Landon,Garner,Yes,No,No,No,No,No,24,76
,,,,,Yes,Yes,No,No,No,No,19,81
,,,,,Yes,No,No,Yes,No,No,17,83
,,,,,Yes,No,No,No,No,Yes,22,78
,,,,,No,No,Yes,No,No,No,39,61
,,,,,No,Yes,Yes,No,No,No,19,81
,,,,,No,No,Yes,Yes,No,No,19,81
,,,,,No,No,Yes,No,No,Yes,34,66
,,,,,No,No,No,No,Yes,No,24,76
,,,,,No,Yes,No,No,Yes,No,19,81
,,,,,No,No,No,Yes,Yes,No,17,83
,,,,,No,No,No,No,Yes,Yes,22,78
,,,,,No,Yes,No,No,No,No,19,81
,,,,,No,No,No,Yes,No,No,14,86
,,,,,No,No,No,No,No,Yes,9,91
,,,,,No,No,No,No,No,No,17,83
,,,,Long,Yes,No,No,No,No,No,29,71
,,,,,Yes,Yes,No,No,No,No,24,76
,,,,,Yes,No,No,Yes,No,No,22,78
,,,,,Yes,No,No,No,No,Yes,27,73
,,,,,No,No,Yes,No,No,No,44,56
,,,,,No,Yes,Yes,No,No,No,24,76
,,,,,No,No,Yes,Yes,No,No,24,76
,,,,,No,No,Yes,No,No,Yes,39,61
,,,,,No,No,No,No,Yes,No,29,71
,,,,,No,Yes,No,No,Yes,No,24,76
,,,,,No,No,No,Yes,Yes,No,22,78
,,,,,No,No,No,No,Yes,Yes,27,73
,,,,,No,Yes,No,No,No,No,24,76
,,,,,No,No,No,Yes,No,No,19,81
,,,,,No,No,No,No,No,Yes,14,86
,,,,,No,No,No,No,No,No,22,78
,,,Roosevelt,Garner,Yes,No,No,No,No,No,21,79
,,,,,Yes,Yes,No,No,No,No,16,84
,,,,,Yes,No,No,Yes,No,No,14,86
,,,,,Yes,No,No,No,No,Yes,19,81
,,,,,No,No,Yes,No,No,No,36,64
,,,,,No,Yes,Yes,No,No,No,16,84
,,,,,No,No,Yes,Yes,No,No,16,84
,,,,,No,No,Yes,No,No,Yes,31,69
,,,,,No,No,No,No,Yes,No,21,79
,,,,,No,Yes,No,No,Yes,No,16,84
,,,,,No,No,No,Yes,Yes,No,14,86
,,,,,No,No,No,No,Yes,Yes,19,81
,,,,,No,Yes,No,No,No,No,16,84
,,,,,No,No,No,Yes,No,No,11,89
,,,,,No,No,No,No,No,Yes,6,94
,,,,,No,No,No,No,No,No,14,86
,,,,Long,Yes,No,No,No,No,No,26,74
,,,,,Yes,Yes,No,No,No,No,21,79
,,,,,Yes,No,No,Yes,No,No,19,81
,,,,,Yes,No,No,No,No,Yes,24,76
,,,,,No,No,Yes,No,No,No,41,59
,,,,,No,Yes,Yes,No,No,No,21,79
,,,,,No,No,Yes,Yes,No,No,21,79
,,,,,No,No,Yes,No,No,Yes,36,64
,,,,,No,No,No,No,Yes,No,26,74
,,,,,No,Yes,No,No,Yes,No,21,79
,,,,,No,No,No,Yes,Yes,No,19,81
,,,,,No,No,No,No,Yes,Yes,24,76
,,,,,No,Yes,No,No,No,No,21,79
,,,,,No,No,No,Yes,No,No,16,84
,,,,,No,No,No,No,No,Yes,11,89
,,,,,No,No,No,No,No,No,19,81
New Mexico,376,3,Landon,Garner,Yes,No,No,No,No,No,27,73
,,,,,Yes,Yes,No,No,No,No,22,78
,,,,,Yes,No,No,Yes,No,No,20,80
,,,,,Yes,No,No,No,No,Yes,25,75
,,,,,No,No,Yes,No,No,No,42,58
,,,,,No,Yes,Yes,No,No,No,22,78
,,,,,No,No,Yes,Yes,No,No,22,78
,,,,,No,No,Yes,No,No,Yes,37,63
,,,,,No,No,No,No,Yes,No,27,73
,,,,,No,Yes,No,No,Yes,No,22,78
,,,,,No,No,No,Yes,Yes,No,20,80
,,,,,No,No,No,No,Yes,Yes,25,75
,,,,,No,Yes,No,No,No,No,22,78
,,,,,No,No,No,Yes,No,No,17,83
,,,,,No,No,No,No,No,Yes,12,88
,,,,,No,No,No,No,No,No,20,80
,,,,Long,Yes,No,No,No,No,No,32,68
,,,,,Yes,Yes,No,No,No,No,27,73
,,,,,Yes,No,No,Yes,No,No,25,75
,,,,,Yes,No,No,No,No,Yes,30,70
,,,,,No,No,Yes,No,No,No,47,53
,,,,,No,Yes,Yes,No,No,No,27,73
,,,,,No,No,Yes,Yes,No,No,27,73
,,,,,No,No,Yes,No,No,Yes,42,58
,,,,,No,No,No,No,Yes,No,32,68
,,,,,No,Yes,No,No,Yes,No,27,73
,,,,,No,No,No,Yes,Yes,No,25,75
,,,,,No,No,No,No,Yes,Yes,30,70
,,,,,No,Yes,No,No,No,No,27,73
,,,,,No,No,No,Yes,No,No,22,78
,,,,,No,No,No,No,No,Yes,17,83
,,,,,No,No,No,No,No,No,25,75
,,,Roosevelt,Garner,Yes,No,No,No,No,No,24,76
,,,,,Yes,Yes,No,No,No,No,19,81
,,,,,Yes,No,No,Yes,No,No,17,83
,,,,,Yes,No,No,No,No,Yes,22,78
,,,,,No,No,Yes,No,No,No,39,61
,,,,,No,Yes,Yes,No,No,No,19,81
,,,,,No,No,Yes,Yes,No,No,19,81
,,,,,No,No,Yes,No,No,Yes,34,66
,,,,,No,No,No,No,Yes,No,24,76
,,,,,No,Yes,No,No,Yes,No,19,81
,,,,,No,No,No,Yes,Yes,No,17,83
,,,,,No,No,No,No,Yes,Yes,22,78
,,,,,No,Yes,No,No,No,No,19,81
,,,,,No,No,No,Yes,No,No,14,86
,,,,,No,No,No,No,No,Yes,9,91
,,,,,No,No,No,No,No,No,17,83
,,,,Long,Yes,No,No,No,No,No,29,71
,,,,,Yes,Yes,No,No,No,No,24,76
,,,,,Yes,No,No,Yes,No,No,22,78
,,,,,Yes,No,No,No,No,Yes,27,73
,,,,,No,No,Yes,No,No,No,44,56
,,,,,No,Yes,Yes,No,No,No,24,76
,,,,,No,No,Yes,Yes,No,No,24,76
,,,,,No,No,Yes,No,No,Yes,39,61
,,,,,No,No,No,No,Yes,No,29,71
,,,,,No,Yes,No,No,Yes,No,24,76
,,,,,No,No,No,Yes,Yes,No,22,78
,,,,,No,No,No,No,Yes,Yes,27,73
,,,,,No,Yes,No,No,No,No,24,76
,,,,,No,No,No,Yes,No,No,19,81
,,,,,No,No,No,No,No,Yes,14,86
,,,,,No,No,No,No,No,No,22,78
Montana,388;83,4,Landon,Garner,Yes,No,No,No,No,No,24,76
,,,,,Yes,Yes,No,No,No,No,19,81
,,,,,Yes,No,No,Yes,No,No,17,83
,,,,,Yes,No,No,No,No,Yes,22,78
,,,,,No,No,Yes,No,No,No,39,61
,,,,,No,Yes,Yes,No,No,No,19,81
,,,,,No,No,Yes,Yes,No,No,19,81
,,,,,No,No,Yes,No,No,Yes,34,66
,,,,,No,No,No,No,Yes,No,24,76
,,,,,No,Yes,No,No,Yes,No,19,81
,,,,,No,No,No,Yes,Yes,No,17,83
,,,,,No,No,No,No,Yes,Yes,22,78
,,,,,No,Yes,No,No,No,No,19,81
,,,,,No,No,No,Yes,No,No,14,86
,,,,,No,No,No,No,No,Yes,9,91
,,,,,No,No,No,No,No,No,17,83
,,,,Long,Yes,No,No,No,No,No,29,71
,,,,,Yes,Yes,No,No,No,No,24,76
,,,,,Yes,No,No,Yes,No,No,22,78
,,,,,Yes,No,No,No,No,Yes,27,73
,,,,,No,No,Yes,No,No,No,44,56
,,,,,No,Yes,Yes,No,No,No,24,76
,,,,,No,No,Yes,Yes,No,No,24,76
,,,,,No,No,Yes,No,No,Yes,39,61
,,,,,No,No,No,No,Yes,No,29,71
,,,,,No,Yes,No,No,Yes,No,24,76
,,,,,No,No,No,Yes,Yes,No,22,78
,,,,,No,No,No,No,Yes,Yes,27,73
,,,,,No,Yes,No,No,No,No,24,76
,,,,,No,No,No,Yes,No,No,19,81
,,,,,No,No,No,No,No,Yes,14,86
,,,,,No,No,No,No,No,No,22,78
,,,Roosevelt,Garner,Yes,No,No,No,No,No,21,79
,,,,,Yes,Yes,No,No,No,No,16,84
,,,,,Yes,No,No,Yes,No,No,14,86
,,,,,Yes,No,No,No,No,Yes,19,81
,,,,,No,No,Yes,No,No,No,36,64
,,,,,No,Yes,Yes,No,No,No,16,84
,,,,,No,No,Yes,Yes,No,No,16,84
,,,,,No,No,Yes,No,No,Yes,31,69
,,,,,No,No,No,No,Yes,No,21,79
,,,,,No,Yes,No,No,Yes,No,16,84
,,,,,No,No,No,Yes,Yes,No,14,86
,,,,,No,No,No,No,Yes,Yes,19,81
,,,,,No,Yes,No,No,No,No,16,84
,,,,,No,No,No,Yes,No,No,11,89
,,,,,No,No,No,No,No,Yes,6,94
,,,,,No,No,No,No,No,No,14,86
,,,,Long,Yes,No,No,No,No,No,26,74
,,,,,Yes,Yes,No,No,No,No,21,79
,,,,,Yes,No,No,Yes,No,No,19,81
,,,,,Yes,No,No,No,No,Yes,24,76
,,,,,No,No,Yes,No,No,No,41,59
,,,,,No,Yes,Yes,No,No,No,21,79
,,,,,No,No,Yes,Yes,No,No,21,79
,,,,,No,No,Yes,No,No,Yes,36,64
,,,,,No,No,No,No,Yes,No,26,74
,,,,,No,Yes,No,No,Yes,No,21,79
,,,,,No,No,No,Yes,Yes,No,19,81
,,,,,No,No,No,No,Yes,Yes,24,76
,,,,,No,Yes,No,No,No,No,21,79
,,,,,No,No,No,Yes,No,No,16,84
,,,,,No,No,No,No,No,Yes,11,89
,,,,,No,No,No,No,No,No,19,81
Wyoming,381,3,Landon,Garner,Yes,No,No,No,No,No,30,70
,,,,,Yes,Yes,No,No,No,No,25,75
,,,,,Yes,No,No,Yes,No,No,23,77
,,,,,Yes,No,No,No,No,Yes,28,72
,,,,,No,No,Yes,No,No,No,45,55
,,,,,No,Yes,Yes,No,No,No,25,75
,,,,,No,No,Yes,Yes,No,No,25,75
,,,,,No,No,Yes,No,No,Yes,40,60
,,,,,No,No,No,No,Yes,No,30,70
,,,,,No,Yes,No,No,Yes,No,25,75
,,,,,No,No,No,Yes,Yes,No,23,77
,,,,,No,No,No,No,Yes,Yes,28,72
,,,,,No,Yes,No,No,No,No,25,75
,,,,,No,No,No,Yes,No,No,20,80
,,,,,No,No,No,No,No,Yes,15,85
,,,,,No,No,No,No,No,No,23,77
,,,,Long,Yes,No,No,No,No,No,35,65
,,,,,Yes,Yes,No,No,No,No,30,70
,,,,,Yes,No,No,Yes,No,No,28,72
,,,,,Yes,No,No,No,No,Yes,33,67
,,,,,No,No,Yes,No,No,No,50,50
,,,,,No,Yes,Yes,No,No,No,30,70
,,,,,No,No,Yes,Yes,No,No,30,70
,,,,,No,No,Yes,No,No,Yes,45,55
,,,,,No,No,No,No,Yes,No,35,65
,,,,,No,Yes,No,No,Yes,No,30,70
,,,,,No,No,No,Yes,Yes,No,28,72
,,,,,No,No,No,No,Yes,Yes,33,67
,,,,,No,Yes,No,No,No,No,30,70
,,,,,No,No,No,Yes,No,No,25,75
,,,,,No,No,No,No,No,Yes,20,80
,,,,,No,No,No,No,No,No,28,72
,,,Roosevelt,Garner,Yes,No,No,No,No,No,27,73
,,,,,Yes,Yes,No,No,No,No,22,78
,,,,,Yes,No,No,Yes,No,No,20,80
,,,,,Yes,No,No,No,No,Yes,25,75
,,,,,No,No,Yes,No,No,No,42,58
,,,,,No,Yes,Yes,No,No,No,22,78
,,,,,No,No,Yes,Yes,No,No,22,78
,,,,,No,No,Yes,No,No,Yes,37,63
,,,,,No,No,No,No,Yes,No,27,73
,,,,,No,Yes,No,No,Yes,No,22,78
,,,,,No,No,No,Yes,Yes,No,20,80
,,,,,No,No,No,No,Yes,Yes,25,75
,,,,,No,Yes,No,No,No,No,22,78
,,,,,No,No,No,Yes,No,No,17,83
,,,,,No,No,No,No,No,Yes,12,88
,,,,,No,No,No,No,No,No,20,80
,,,,Long,Yes,No,No,No,No,No,32,68
,,,,,Yes,Yes,No,No,No,No,27,73
,,,,,Yes,No,No,Yes,No,No,25,75
,,,,,Yes,No,No,No,No,Yes,30,70
,,,,,No,No,Yes,No,No,No,47,53
,,,,,No,Yes,Yes,No,No,No,27,73
,,,,,No,No,Yes,Yes,No,No,27,73
,,,,,No,No,Yes,No,No,Yes,42,58
,,,,,No,No,No,No,Yes,No,32,68
,,,,,No,Yes,No,No,Yes,No,27,73
,,,,,No,No,No,Yes,Yes,No,25,75
,,,,,No,No,No,No,Yes,Yes,30,70
,,,,,No,Yes,No,No,No,No,27,73
,,,,,No,No,No,Yes,No,No,22,78
,,,,,No,No,No,No,No,Yes,17,83
,,,,,No,No,No,No,No,No,25,75
Colorado,382,6,Landon,Garner,Yes,No,No,No,No,No,30,70
,,,,,Yes,Yes,No,No,No,No,25,75
,,,,,Yes,No,No,Yes,No,No,23,77
,,,,,Yes,No,No,No,No,Yes,28,72
,,,,,No,No,Yes,No,No,No,45,55
,,,,,No,Yes,Yes,No,No,No,25,75
,,,,,No,No,Yes,Yes,No,No,25,75
,,,,,No,No,Yes,No,No,Yes,40,60
,,,,,No,No,No,No,Yes,No,30,70
,,,,,No,Yes,No,No,Yes,No,25,75
,,,,,No,No,No,Yes,Yes,No,23,77
,,,,,No,No,No,No,Yes,Yes,28,72
,,,,,No,Yes,No,No,No,No,25,75
,,,,,No,No,No,Yes,No,No,20,80
,,,,,No,No,No,No,No,Yes,15,85
,,,,,No,No,No,No,No,No,23,77
,,,,Long,Yes,No,No,No,No,No,35,65
,,,,,Yes,Yes,No,No,No,No,30,70
,,,,,Yes,No,No,Yes,No,No,28,72
,,,,,Yes,No,No,No,No,Yes,33,67
,,,,,No,No,Yes,No,No,No,50,50
,,,,,No,Yes,Yes,No,No,No,30,70
,,,,,No,No,Yes,Yes,No,No,30,70
,,,,,No,No,Yes,No,No,Yes,45,55
,,,,,No,No,No,No,Yes,No,35,65
,,,,,No,Yes,No,No,Yes,No,30,70
,,,,,No,No,No,Yes,Yes,No,28,72
,,,,,No,No,No,No,Yes,Yes,33,67
,,,,,No,Yes,No,No,No,No,30,70
,,,,,No,No,No,Yes,No,No,25,75
,,,,,No,No,No,No,No,Yes,20,80
,,,,,No,No,No,No,No,No,28,72
,,,Roosevelt,Garner,Yes,No,No,No,No,No,27,73
,,,,,Yes,Yes,No,No,No,No,22,78
,,,,,Yes,No,No,Yes,No,No,20,80
,,,,,Yes,No,No,No,No,Yes,25,75
,,,,,No,No,Yes,No,No,No,42,58
,,,,,No,Yes,Yes,No,No,No,22,78
,,,,,No,No,Yes,Yes,No,No,22,78
,,,,,No,No,Yes,No,No,Yes,37,63
,,,,,No,No,No,No,Yes,No,27,73
,,,,,No,Yes,No,No,Yes,No,22,78
,,,,,No,No,No,Yes,Yes,No,20,80
,,,,,No,No,No,No,Yes,Yes,25,75
,,,,,No,Yes,No,No,No,No,22,78
,,,,,No,No,No,Yes,No,No,17,83
,,,,,No,No,No,No,No,Yes,12,88
,,,,,No,No,No,No,No,No,20,80
,,,,Long,Yes,No,No,No,No,No,32,68
,,,,,Yes,Yes,No,No,No,No,27,73
,,,,,Yes,No,No,Yes,No,No,25,75
,,,,,Yes,No,No,No,No,Yes,30,70
,,,,,No,No,Yes,No,No,No,47,53
,,,,,No,Yes,Yes,No,No,No,27,73
,,,,,No,No,Yes,Yes,No,No,27,73
,,,,,No,No,Yes,No,No,Yes,42,58
,,,,,No,No,No,No,Yes,No,32,68
,,,,,No,Yes,No,No,Yes,No,27,73
,,,,,No,No,No,Yes,Yes,No,25,75
,,,,,No,No,No,No,Yes,Yes,30,70
,,,,,No,Yes,No,No,No,No,27,73
,,,,,No,No,No,Yes,No,No,22,78
,,,,,No,No,No,No,No,Yes,17,83
,,,,,No,No,No,No,No,No,25,75
Sum:,-,65,,,,,,,,,,
Kansas,383,9,Landon,Garner,Yes,No,No,No,No,No,55,45
,,,,,Yes,Yes,No,No,No,No,40,60
,,,,,Yes,No,No,Yes,No,No,45,55
,,,,,Yes,No,No,No,No,Yes,50,50
,,,,,No,No,Yes,No,No,No,60,40
,,,,,No,Yes,Yes,No,No,No,40,60
,,,,,No,No,Yes,Yes,No,No,45,55
,,,,,No,No,Yes,No,No,Yes,50,50
,,,,,No,No,No,No,Yes,No,65,35
,,,,,No,Yes,No,No,Yes,No,60,40
,,,,,No,No,No,Yes,Yes,No,62,38
,,,,,No,No,No,No,Yes,Yes,64,36
,,,,,No,Yes,No,No,No,No,40,60
,,,,,No,No,No,Yes,No,No,35,65
,,,,,No,No,No,No,No,Yes,39,61
,,,,,No,No,No,No,No,No,50,50
,,,,Long,Yes,No,No,No,No,No,57,43
,,,,,Yes,Yes,No,No,No,No,42,58
,,,,,Yes,No,No,Yes,No,No,47,53
,,,,,Yes,No,No,No,No,Yes,52,48
,,,,,No,No,Yes,No,No,No,62,38
,,,,,No,Yes,Yes,No,No,No,42,58
,,,,,No,No,Yes,Yes,No,No,47,53
,,,,,No,No,Yes,No,No,Yes,52,48
,,,,,No,No,No,No,Yes,No,67,33
,,,,,No,Yes,No,No,Yes,No,62,38
,,,,,No,No,No,Yes,Yes,No,64,36
,,,,,No,No,No,No,Yes,Yes,66,34
,,,,,No,Yes,No,No,No,No,42,58
,,,,,No,No,No,Yes,No,No,37,63
,,,,,No,No,No,No,No,Yes,41,59
,,,,,No,No,No,No,No,No,52,48
,,,Roosevelt,Garner,Yes,No,No,No,No,No,53,47
,,,,,Yes,Yes,No,No,No,No,38,62
,,,,,Yes,No,No,Yes,No,No,43,57
,,,,,Yes,No,No,No,No,Yes,48,52
,,,,,No,No,Yes,No,No,No,58,42
,,,,,No,Yes,Yes,No,No,No,38,62
,,,,,No,No,Yes,Yes,No,No,43,57
,,,,,No,No,Yes,No,No,Yes,48,52
,,,,,No,No,No,No,Yes,No,63,37
,,,,,No,Yes,No,No,Yes,No,58,42
,,,,,No,No,No,Yes,Yes,No,60,40
,,,,,No,No,No,No,Yes,Yes,62,38
,,,,,No,Yes,No,No,No,No,38,62
,,,,,No,No,No,Yes,No,No,33,67
,,,,,No,No,No,No,No,Yes,37,63
,,,,,No,No,No,No,No,No,48,52
,,,,Long,Yes,No,No,No,No,No,54,46
,,,,,Yes,Yes,No,No,No,No,39,61
,,,,,Yes,No,No,Yes,No,No,44,56
,,,,,Yes,No,No,No,No,Yes,49,51
,,,,,No,No,Yes,No,No,No,59,41
,,,,,No,Yes,Yes,No,No,No,39,61
,,,,,No,No,Yes,Yes,No,No,44,56
,,,,,No,No,Yes,No,No,Yes,49,51
,,,,,No,No,No,No,Yes,No,64,36
,,,,,No,Yes,No,No,Yes,No,59,41
,,,,,No,No,No,Yes,Yes,No,61,39
,,,,,No,No,No,No,Yes,Yes,63,37
,,,,,No,Yes,No,No,No,No,39,61
,,,,,No,No,No,Yes,No,No,34,66
,,,,,No,No,No,No,No,Yes,38,62
,,,,,No,No,No,No,No,No,49,51
Nebraska,384,7,Landon,Garner,Yes,No,No,No,No,No,56,44
,,,,,Yes,Yes,No,No,No,No,41,59
,,,,,Yes,No,No,Yes,No,No,46,54
,,,,,Yes,No,No,No,No,Yes,51,49
,,,,,No,No,Yes,No,No,No,61,39
,,,,,No,Yes,Yes,No,No,No,41,59
,,,,,No,No,Yes,Yes,No,No,46,54
,,,,,No,No,Yes,No,No,Yes,51,49
,,,,,No,No,No,No,Yes,No,66,34
,,,,,No,Yes,No,No,Yes,No,61,39
,,,,,No,No,No,Yes,Yes,No,63,37
,,,,,No,No,No,No,Yes,Yes,65,35
,,,,,No,Yes,No,No,No,No,41,59
,,,,,No,No,No,Yes,No,No,36,64
,,,,,No,No,No,No,No,Yes,40,60
,,,,,No,No,No,No,No,No,51,49
,,,,Long,Yes,No,No,No,No,No,58,42
,,,,,Yes,Yes,No,No,No,No,43,57
,,,,,Yes,No,No,Yes,No,No,48,52
,,,,,Yes,No,No,No,No,Yes,53,47
,,,,,No,No,Yes,No,No,No,63,37
,,,,,No,Yes,Yes,No,No,No,43,57
,,,,,No,No,Yes,Yes,No,No,48,52
,,,,,No,No,Yes,No,No,Yes,53,47
,,,,,No,No,No,No,Yes,No,68,32
,,,,,No,Yes,No,No,Yes,No,63,37
,,,,,No,No,No,Yes,Yes,No,65,35
,,,,,No,No,No,No,Yes,Yes,67,33
,,,,,No,Yes,No,No,No,No,43,57
,,,,,No,No,No,Yes,No,No,38,62
,,,,,No,No,No,No,No,Yes,42,58
,,,,,No,No,No,No,No,No,53,47
,,,Roosevelt,Garner,Yes,No,No,No,No,No,54,46
,,,,,Yes,Yes,No,No,No,No,39,61
,,,,,Yes,No,No,Yes,No,No,44,56
,,,,,Yes,No,No,No,No,Yes,49,51
,,,,,No,No,Yes,No,No,No,59,41
,,,,,No,Yes,Yes,No,No,No,39,61
,,,,,No,No,Yes,Yes,No,No,44,56
,,,,,No,No,Yes,No,No,Yes,49,51
,,,,,No,No,No,No,Yes,No,64,36
,,,,,No,Yes,No,No,Yes,No,59,41
,,,,,No,No,No,Yes,Yes,No,61,39
,,,,,No,No,No,No,Yes,Yes,63,37
,,,,,No,Yes,No,No,No,No,39,61
,,,,,No,No,No,Yes,No,No,34,66
,,,,,No,No,No,No,No,Yes,38,62
,,,,,No,No,No,No,No,No,49,51
,,,,Long,Yes,No,No,No,No,No,55,45
,,,,,Yes,Yes,No,No,No,No,40,60
,,,,,Yes,No,No,Yes,No,No,45,55
,,,,,Yes,No,No,No,No,Yes,50,50
,,,,,No,No,Yes,No,No,No,60,40
,,,,,No,Yes,Yes,No,No,No,40,60
,,,,,No,No,Yes,Yes,No,No,45,55
,,,,,No,No,Yes,No,No,Yes,50,50
,,,,,No,No,No,No,Yes,No,65,35
,,,,,No,Yes,No,No,Yes,No,60,40
,,,,,No,No,No,Yes,Yes,No,62,38
,,,,,No,No,No,No,Yes,Yes,64,36
,,,,,No,Yes,No,No,No,No,40,60
,,,,,No,No,No,Yes,No,No,35,65
,,,,,No,No,No,No,No,Yes,39,61
,,,,,No,No,No,No,No,No,50,50
Iowa,392,11,Landon,Garner,Yes,No,No,No,No,No,57,43
,,,,,Yes,Yes,No,No,No,No,42,58
,,,,,Yes,No,No,Yes,No,No,47,53
,,,,,Yes,No,No,No,No,Yes,52,48
,,,,,No,No,Yes,No,No,No,62,38
,,,,,No,Yes,Yes,No,No,No,42,58
,,,,,No,No,Yes,Yes,No,No,47,53
,,,,,No,No,Yes,No,No,Yes,52,48
,,,,,No,No,No,No,Yes,No,67,33
,,,,,No,Yes,No,No,Yes,No,62,38
,,,,,No,No,No,Yes,Yes,No,64,36
,,,,,No,No,No,No,Yes,Yes,66,34
,,,,,No,Yes,No,No,No,No,42,58
,,,,,No,No,No,Yes,No,No,37,63
,,,,,No,No,No,No,No,Yes,41,59
,,,,,No,No,No,No,No,No,52,48
,,,,Long,Yes,No,No,No,No,No,59,41
,,,,,Yes,Yes,No,No,No,No,44,56
,,,,,Yes,No,No,Yes,No,No,49,51
,,,,,Yes,No,No,No,No,Yes,54,46
,,,,,No,No,Yes,No,No,No,64,36
,,,,,No,Yes,Yes,No,No,No,44,56
,,,,,No,No,Yes,Yes,No,No,49,51
,,,,,No,No,Yes,No,No,Yes,54,46
,,,,,No,No,No,No,Yes,No,69,31
,,,,,No,Yes,No,No,Yes,No,64,36
,,,,,No,No,No,Yes,Yes,No,66,34
,,,,,No,No,No,No,Yes,Yes,68,32
,,,,,No,Yes,No,No,No,No,44,56
,,,,,No,No,No,Yes,No,No,39,61
,,,,,No,No,No,No,No,Yes,43,57
,,,,,No,No,No,No,No,No,54,46
,,,Roosevelt,Garner,Yes,No,No,No,No,No,55,45
,,,,,Yes,Yes,No,No,No,No,40,60
,,,,,Yes,No,No,Yes,No,No,45,55
,,,,,Yes,No,No,No,No,Yes,50,50
,,,,,No,No,Yes,No,No,No,60,40
,,,,,No,Yes,Yes,No,No,No,40,60
,,,,,No,No,Yes,Yes,No,No,45,55
,,,,,No,No,Yes,No,No,Yes,50,50
,,,,,No,No,No,No,Yes,No,65,35
,,,,,No,Yes,No,No,Yes,No,60,40
,,,,,No,No,No,Yes,Yes,No,62,38
,,,,,No,No,No,No,Yes,Yes,64,36
,,,,,No,Yes,No,No,No,No,40,60
,,,,,No,No,No,Yes,No,No,35,65
,,,,,No,No,No,No,No,Yes,39,61
,,,,,No,No,No,No,No,No,50,50
,,,,Long,Yes,No,No,No,No,No,56,44
,,,,,Yes,Yes,No,No,No,No,41,59
,,,,,Yes,No,No,Yes,No,No,46,54
,,,,,Yes,No,No,No,No,Yes,51,49
,,,,,No,No,Yes,No,No,No,61,39
,,,,,No,Yes,Yes,No,No,No,41,59
,,,,,No,No,Yes,Yes,No,No,46,54
,,,,,No,No,Yes,No,No,Yes,51,49
,,,,,No,No,No,No,Yes,No,66,34
,,,,,No,Yes,No,No,Yes,No,61,39
,,,,,No,No,No,Yes,Yes,No,63,37
,,,,,No,No,No,No,Yes,Yes,65,35
,,,,,No,Yes,No,No,No,No,41,59
,,,,,No,No,No,Yes,No,No,36,64
,,,,,No,No,No,No,No,Yes,40,60
,,,,,No,No,No,No,No,No,51,49
Minnesota,391;829,11,Landon,Garner,Yes,No,No,No,No,No,50,50
,,,,,Yes,Yes,No,No,No,No,35,65
,,,,,Yes,No,No,Yes,No,No,40,60
,,,,,Yes,No,No,No,No,Yes,45,55
,,,,,No,No,Yes,No,No,No,55,45
,,,,,No,Yes,Yes,No,No,No,35,65
,,,,,No,No,Yes,Yes,No,No,40,60
,,,,,No,No,Yes,No,No,Yes,45,55
,,,,,No,No,No,No,Yes,No,60,40
,,,,,No,Yes,No,No,Yes,No,55,45
,,,,,No,No,No,Yes,Yes,No,57,43
,,,,,No,No,No,No,Yes,Yes,59,41
,,,,,No,Yes,No,No,No,No,35,65
,,,,,No,No,No,Yes,No,No,30,70
,,,,,No,No,No,No,No,Yes,34,66
,,,,,No,No,No,No,No,No,45,55
,,,,Long,Yes,No,No,No,No,No,52,48
,,,,,Yes,Yes,No,No,No,No,37,63
,,,,,Yes,No,No,Yes,No,No,42,58
,,,,,Yes,No,No,No,No,Yes,47,53
,,,,,No,No,Yes,No,No,No,57,43
,,,,,No,Yes,Yes,No,No,No,37,63
,,,,,No,No,Yes,Yes,No,No,42,58
,,,,,No,No,Yes,No,No,Yes,47,53
,,,,,No,No,No,No,Yes,No,62,38
,,,,,No,Yes,No,No,Yes,No,57,43
,,,,,No,No,No,Yes,Yes,No,59,41
,,,,,No,No,No,No,Yes,Yes,61,39
,,,,,No,Yes,No,No,No,No,37,63
,,,,,No,No,No,Yes,No,No,32,68
,,,,,No,No,No,No,No,Yes,36,64
,,,,,No,No,No,No,No,No,47,53
,,,Roosevelt,Garner,Yes,No,No,No,No,No,48,52
,,,,,Yes,Yes,No,No,No,No,33,67
,,,,,Yes,No,No,Yes,No,No,38,62
,,,,,Yes,No,No,No,No,Yes,43,57
,,,,,No,No,Yes,No,No,No,53,47
,,,,,No,Yes,Yes,No,No,No,33,67
,,,,,No,No,Yes,Yes,No,No,38,62
,,,,,No,No,Yes,No,No,Yes,43,57
,,,,,No,No,No,No,Yes,No,58,42
,,,,,No,Yes,No,No,Yes,No,53,47
,,,,,No,No,No,Yes,Yes,No,55,45
,,,,,No,No,No,No,Yes,Yes,57,43
,,,,,No,Yes,No,No,No,No,33,67
,,,,,No,No,No,Yes,No,No,28,72
,,,,,No,No,No,No,No,Yes,32,68
,,,,,No,No,No,No,No,No,43,57
,,,,Long,Yes,No,No,No,No,No,49,51
,,,,,Yes,Yes,No,No,No,No,34,66
,,,,,Yes,No,No,Yes,No,No,39,61
,,,,,Yes,No,No,No,No,Yes,44,56
,,,,,No,No,Yes,No,No,No,54,46
,,,,,No,Yes,Yes,No,No,No,34,66
,,,,,No,No,Yes,Yes,No,No,39,61
,,,,,No,No,Yes,No,No,Yes,44,56
,,,,,No,No,No,No,Yes,No,59,41
,,,,,No,Yes,No,No,Yes,No,54,46
,,,,,No,No,No,Yes,Yes,No,56,44
,,,,,No,No,No,No,Yes,Yes,58,42
,,,,,No,Yes,No,No,No,No,34,66
,,,,,No,No,No,Yes,No,No,29,71
,,,,,No,No,No,No,No,Yes,33,67
,,,,,No,No,No,No,No,No,44,56
Wisconsin,394,12,Landon,Garner,Yes,No,No,No,No,No,50,50
,,,,,Yes,Yes,No,No,No,No,35,65
,,,,,Yes,No,No,Yes,No,No,40,60
,,,,,Yes,No,No,No,No,Yes,45,55
,,,,,No,No,Yes,No,No,No,55,45
,,,,,No,Yes,Yes,No,No,No,35,65
,,,,,No,No,Yes,Yes,No,No,40,60
,,,,,No,No,Yes,No,No,Yes,45,55
,,,,,No,No,No,No,Yes,No,60,40
,,,,,No,Yes,No,No,Yes,No,55,45
,,,,,No,No,No,Yes,Yes,No,57,43
,,,,,No,No,No,No,Yes,Yes,59,41
,,,,,No,Yes,No,No,No,No,35,65
,,,,,No,No,No,Yes,No,No,30,70
,,,,,No,No,No,No,No,Yes,34,66
,,,,,No,No,No,No,No,No,45,55
,,,,Long,Yes,No,No,No,No,No,52,48
,,,,,Yes,Yes,No,No,No,No,37,63
,,,,,Yes,No,No,Yes,No,No,42,58
,,,,,Yes,No,No,No,No,Yes,47,53
,,,,,No,No,Yes,No,No,No,57,43
,,,,,No,Yes,Yes,No,No,No,37,63
,,,,,No,No,Yes,Yes,No,No,42,58
,,,,,No,No,Yes,No,No,Yes,47,53
,,,,,No,No,No,No,Yes,No,62,38
,,,,,No,Yes,No,No,Yes,No,57,43
,,,,,No,No,No,Yes,Yes,No,59,41
,,,,,No,No,No,No,Yes,Yes,61,39
,,,,,No,Yes,No,No,No,No,37,63
,,,,,No,No,No,Yes,No,No,32,68
,,,,,No,No,No,No,No,Yes,36,64
,,,,,No,No,No,No,No,No,47,53
,,,Roosevelt,Garner,Yes,No,No,No,No,No,48,52
,,,,,Yes,Yes,No,No,No,No,33,67
,,,,,Yes,No,No,Yes,No,No,38,62
,,,,,Yes,No,No,No,No,Yes,43,57
,,,,,No,No,Yes,No,No,No,53,47
,,,,,No,Yes,Yes,No,No,No,33,67
,,,,,No,No,Yes,Yes,No,No,38,62
,,,,,No,No,Yes,No,No,Yes,43,57
,,,,,No,No,No,No,Yes,No,58,42
,,,,,No,Yes,No,No,Yes,No,53,47
,,,,,No,No,No,Yes,Yes,No,55,45
,,,,,No,No,No,No,Yes,Yes,57,43
,,,,,No,Yes,No,No,No,No,33,67
,,,,,No,No,No,Yes,No,No,28,72
,,,,,No,No,No,No,No,Yes,32,68
,,,,,No,No,No,No,No,No,43,57
,,,,Long,Yes,No,No,No,No,No,49,51
,,,,,Yes,Yes,No,No,No,No,34,66
,,,,,Yes,No,No,Yes,No,No,39,61
,,,,,Yes,No,No,No,No,Yes,44,56
,,,,,No,No,Yes,No,No,No,54,46
,,,,,No,Yes,Yes,No,No,No,34,66
,,,,,No,No,Yes,Yes,No,No,39,61
,,,,,No,No,Yes,No,No,Yes,44,56
,,,,,No,No,No,No,Yes,No,59,41
,,,,,No,Yes,No,No,Yes,No,54,46
,,,,,No,No,No,Yes,Yes,No,56,44
,,,,,No,No,No,No,Yes,Yes,58,42
,,,,,No,Yes,No,No,No,No,34,66
,,,,,No,No,No,Yes,No,No,29,71
,,,,,No,No,No,No,No,Yes,33,67
,,,,,No,No,No,No,No,No,44,56
Illinois,395,29,Landon,Garner,Yes,No,No,No,No,No,51,49
,,,,,Yes,Yes,No,No,No,No,36,64
,,,,,Yes,No,No,Yes,No,No,41,59
,,,,,Yes,No,No,No,No,Yes,46,54
,,,,,No,No,Yes,No,No,No,56,44
,,,,,No,Yes,Yes,No,No,No,36,64
,,,,,No,No,Yes,Yes,No,No,41,59
,,,,,No,No,Yes,No,No,Yes,46,54
,,,,,No,No,No,No,Yes,No,61,39
,,,,,No,Yes,No,No,Yes,No,56,44
,,,,,No,No,No,Yes,Yes,No,58,42
,,,,,No,No,No,No,Yes,Yes,60,40
,,,,,No,Yes,No,No,No,No,36,64
,,,,,No,No,No,Yes,No,No,31,69
,,,,,No,No,No,No,No,Yes,35,65
,,,,,No,No,No,No,No,No,46,54
,,,,Long,Yes,No,No,No,No,No,53,47
,,,,,Yes,Yes,No,No,No,No,38,62
,,,,,Yes,No,No,Yes,No,No,43,57
,,,,,Yes,No,No,No,No,Yes,48,52
,,,,,No,No,Yes,No,No,No,58,42
,,,,,No,Yes,Yes,No,No,No,38,62
,,,,,No,No,Yes,Yes,No,No,43,57
,,,,,No,No,Yes,No,No,Yes,48,52
,,,,,No,No,No,No,Yes,No,63,37
,,,,,No,Yes,No,No,Yes,No,58,42
,,,,,No,No,No,Yes,Yes,No,60,40
,,,,,No,No,No,No,Yes,Yes,62,38
,,,,,No,Yes,No,No,No,No,38,62
,,,,,No,No,No,Yes,No,No,33,67
,,,,,No,No,No,No,No,Yes,37,63
,,,,,No,No,No,No,No,No,48,52
,,,Roosevelt,Garner,Yes,No,No,No,No,No,49,51
,,,,,Yes,Yes,No,No,No,No,34,66
,,,,,Yes,No,No,Yes,No,No,39,61
,,,,,Yes,No,No,No,No,Yes,44,56
,,,,,No,No,Yes,No,No,No,54,46
,,,,,No,Yes,Yes,No,No,No,34,66
,,,,,No,No,Yes,Yes,No,No,39,61
,,,,,No,No,Yes,No,No,Yes,44,56
,,,,,No,No,No,No,Yes,No,59,41
,,,,,No,Yes,No,No,Yes,No,54,46
,,,,,No,No,No,Yes,Yes,No,56,44
,,,,,No,No,No,No,Yes,Yes,58,42
,,,,,No,Yes,No,No,No,No,34,66
,,,,,No,No,No,Yes,No,No,29,71
,,,,,No,No,No,No,No,Yes,33,67
,,,,,No,No,No,No,No,No,44,56
,,,,Long,Yes,No,No,No,No,No,50,50
,,,,,Yes,Yes,No,No,No,No,35,65
,,,,,Yes,No,No,Yes,No,No,40,60
,,,,,Yes,No,No,No,No,Yes,45,55
,,,,,No,No,Yes,No,No,No,55,45
,,,,,No,Yes,Yes,No,No,No,35,65
,,,,,No,No,Yes,Yes,No,No,40,60
,,,,,No,No,Yes,No,No,Yes,45,55
,,,,,No,No,No,No,Yes,No,60,40
,,,,,No,Yes,No,No,Yes,No,55,45
,,,,,No,No,No,Yes,Yes,No,57,43
,,,,,No,No,No,No,Yes,Yes,59,41
,,,,,No,Yes,No,No,No,No,35,65
,,,,,No,No,No,Yes,No,No,30,70
,,,,,No,No,No,No,No,Yes,34,66
,,,,,No,No,No,No,No,No,45,55
Missouri,373,15,Landon,Garner,Yes,No,No,No,No,No,52,48
,,,,,Yes,Yes,No,No,No,No,37,63
,,,,,Yes,No,No,Yes,No,No,42,58
,,,,,Yes,No,No,No,No,Yes,47,53
,,,,,No,No,Yes,No,No,No,57,43
,,,,,No,Yes,Yes,No,No,No,37,63
,,,,,No,No,Yes,Yes,No,No,42,58
,,,,,No,No,Yes,No,No,Yes,47,53
,,,,,No,No,No,No,Yes,No,62,38
,,,,,No,Yes,No,No,Yes,No,57,43
,,,,,No,No,No,Yes,Yes,No,59,41
,,,,,No,No,No,No,Yes,Yes,61,39
,,,,,No,Yes,No,No,No,No,37,63
,,,,,No,No,No,Yes,No,No,32,68
,,,,,No,No,No,No,No,Yes,36,64
,,,,,No,No,No,No,No,No,47,53
,,,,Long,Yes,No,No,No,No,No,54,46
,,,,,Yes,Yes,No,No,No,No,39,61
,,,,,Yes,No,No,Yes,No,No,44,56
,,,,,Yes,No,No,No,No,Yes,49,51
,,,,,No,No,Yes,No,No,No,59,41
,,,,,No,Yes,Yes,No,No,No,39,61
,,,,,No,No,Yes,Yes,No,No,44,56
,,,,,No,No,Yes,No,No,Yes,49,51
,,,,,No,No,No,No,Yes,No,64,36
,,,,,No,Yes,No,No,Yes,No,59,41
,,,,,No,No,No,Yes,Yes,No,61,39
,,,,,No,No,No,No,Yes,Yes,63,37
,,,,,No,Yes,No,No,No,No,39,61
,,,,,No,No,No,Yes,No,No,34,66
,,,,,No,No,No,No,No,Yes,38,62
,,,,,No,No,No,No,No,No,49,51
,,,Roosevelt,Garner,Yes,No,No,No,No,No,50,50
,,,,,Yes,Yes,No,No,No,No,35,65
,,,,,Yes,No,No,Yes,No,No,40,60
,,,,,Yes,No,No,No,No,Yes,45,55
,,,,,No,No,Yes,No,No,No,55,45
,,,,,No,Yes,Yes,No,No,No,35,65
,,,,,No,No,Yes,Yes,No,No,40,60
,,,,,No,No,Yes,No,No,Yes,45,55
,,,,,No,No,No,No,Yes,No,60,40
,,,,,No,Yes,No,No,Yes,No,55,45
,,,,,No,No,No,Yes,Yes,No,57,43
,,,,,No,No,No,No,Yes,Yes,59,41
,,,,,No,Yes,No,No,No,No,35,65
,,,,,No,No,No,Yes,No,No,30,70
,,,,,No,No,No,No,No,Yes,34,66
,,,,,No,No,No,No,No,No,45,55
,,,,Long,Yes,No,No,No,No,No,51,49
,,,,,Yes,Yes,No,No,No,No,36,64
,,,,,Yes,No,No,Yes,No,No,41,59
,,,,,Yes,No,No,No,No,Yes,46,54
,,,,,No,No,Yes,No,No,No,56,44
,,,,,No,Yes,Yes,No,No,No,36,64
,,,,,No,No,Yes,Yes,No,No,41,59
,,,,,No,No,Yes,No,No,Yes,46,54
,,,,,No,No,No,No,Yes,No,61,39
,,,,,No,Yes,No,No,Yes,No,56,44
,,,,,No,No,No,Yes,Yes,No,58,42
,,,,,No,No,No,No,Yes,Yes,60,40
,,,,,No,Yes,No,No,No,No,36,64
,,,,,No,No,No,Yes,No,No,31,69
,,,,,No,No,No,No,No,Yes,35,65
,,,,,No,No,No,No,No,No,46,54
North Dakota,389;832,4,Landon,Garner,Yes,No,No,No,No,No,52,48
,,,,,Yes,Yes,No,No,No,No,37,63
,,,,,Yes,No,No,Yes,No,No,42,58
,,,,,Yes,No,No,No,No,Yes,47,53
,,,,,No,No,Yes,No,No,No,57,43
,,,,,No,Yes,Yes,No,No,No,37,63
,,,,,No,No,Yes,Yes,No,No,42,58
,,,,,No,No,Yes,No,No,Yes,47,53
,,,,,No,No,No,No,Yes,No,62,38
,,,,,No,Yes,No,No,Yes,No,57,43
,,,,,No,No,No,Yes,Yes,No,59,41
,,,,,No,No,No,No,Yes,Yes,61,39
,,,,,No,Yes,No,No,No,No,37,63
,,,,,No,No,No,Yes,No,No,32,68
,,,,,No,No,No,No,No,Yes,36,64
,,,,,No,No,No,No,No,No,47,53
,,,,Long,Yes,No,No,No,No,No,54,46
,,,,,Yes,Yes,No,No,No,No,39,61
,,,,,Yes,No,No,Yes,No,No,44,56
,,,,,Yes,No,No,No,No,Yes,49,51
,,,,,No,No,Yes,No,No,No,59,41
,,,,,No,Yes,Yes,No,No,No,39,61
,,,,,No,No,Yes,Yes,No,No,44,56
,,,,,No,No,Yes,No,No,Yes,49,51
,,,,,No,No,No,No,Yes,No,64,36
,,,,,No,Yes,No,No,Yes,No,59,41
,,,,,No,No,No,Yes,Yes,No,61,39
,,,,,No,No,No,No,Yes,Yes,63,37
,,,,,No,Yes,No,No,No,No,39,61
,,,,,No,No,No,Yes,No,No,34,66
,,,,,No,No,No,No,No,Yes,38,62
,,,,,No,No,No,No,No,No,49,51
,,,Roosevelt,Garner,Yes,No,No,No,No,No,50,50
,,,,,Yes,Yes,No,No,No,No,35,65
,,,,,Yes,No,No,Yes,No,No,40,60
,,,,,Yes,No,No,No,No,Yes,45,55
,,,,,No,No,Yes,No,No,No,55,45
,,,,,No,Yes,Yes,No,No,No,35,65
,,,,,No,No,Yes,Yes,No,No,40,60
,,,,,No,No,Yes,No,No,Yes,45,55
,,,,,No,No,No,No,Yes,No,60,40
,,,,,No,Yes,No,No,Yes,No,55,45
,,,,,No,No,No,Yes,Yes,No,57,43
,,,,,No,No,No,No,Yes,Yes,59,41
,,,,,No,Yes,No,No,No,No,35,65
,,,,,No,No,No,Yes,No,No,30,70
,,,,,No,No,No,No,No,Yes,34,66
,,,,,No,No,No,No,No,No,45,55
,,,,Long,Yes,No,No,No,No,No,51,49
,,,,,Yes,Yes,No,No,No,No,36,64
,,,,,Yes,No,No,Yes,No,No,41,59
,,,,,Yes,No,No,No,No,Yes,46,54
,,,,,No,No,Yes,No,No,No,56,44
,,,,,No,Yes,Yes,No,No,No,36,64
,,,,,No,No,Yes,Yes,No,No,41,59
,,,,,No,No,Yes,No,No,Yes,46,54
,,,,,No,No,No,No,Yes,No,61,39
,,,,,No,Yes,No,No,Yes,No,56,44
,,,,,No,No,No,Yes,Yes,No,58,42
,,,,,No,No,No,No,Yes,Yes,60,40
,,,,,No,Yes,No,No,No,No,36,64
,,,,,No,No,No,Yes,No,No,31,69
,,,,,No,No,No,No,No,Yes,35,65
,,,,,No,No,No,No,No,No,46,54
South Dakota,390,4,Landon,Garner,Yes,No,No,No,No,No,55,45
,,,,,Yes,Yes,No,No,No,No,40,60
,,,,,Yes,No,No,Yes,No,No,45,55
,,,,,Yes,No,No,No,No,Yes,50,50
,,,,,No,No,Yes,No,No,No,60,40
,,,,,No,Yes,Yes,No,No,No,40,60
,,,,,No,No,Yes,Yes,No,No,45,55
,,,,,No,No,Yes,No,No,Yes,50,50
,,,,,No,No,No,No,Yes,No,65,35
,,,,,No,Yes,No,No,Yes,No,60,40
,,,,,No,No,No,Yes,Yes,No,62,38
,,,,,No,No,No,No,Yes,Yes,64,36
,,,,,No,Yes,No,No,No,No,40,60
,,,,,No,No,No,Yes,No,No,35,65
,,,,,No,No,No,No,No,Yes,39,61
,,,,,No,No,No,No,No,No,50,50
,,,,Long,Yes,No,No,No,No,No,57,43
,,,,,Yes,Yes,No,No,No,No,42,58
,,,,,Yes,No,No,Yes,No,No,47,53
,,,,,Yes,No,No,No,No,Yes,52,48
,,,,,No,No,Yes,No,No,No,62,38
,,,,,No,Yes,Yes,No,No,No,42,58
,,,,,No,No,Yes,Yes,No,No,47,53
,,,,,No,No,Yes,No,No,Yes,52,48
,,,,,No,No,No,No,Yes,No,67,33
,,,,,No,Yes,No,No,Yes,No,62,38
,,,,,No,No,No,Yes,Yes,No,64,36
,,,,,No,No,No,No,Yes,Yes,66,34
,,,,,No,Yes,No,No,No,No,42,58
,,,,,No,No,No,Yes,No,No,37,63
,,,,,No,No,No,No,No,Yes,41,59
,,,,,No,No,No,No,No,No,52,48
,,,Roosevelt,Garner,Yes,No,No,No,No,No,53,47
,,,,,Yes,Yes,No,No,No,No,38,62
,,,,,Yes,No,No,Yes,No,No,43,57
,,,,,Yes,No,No,No,No,Yes,48,52
,,,,,No,No,Yes,No,No,No,58,42
,,,,,No,Yes,Yes,No,No,No,38,62
,,,,,No,No,Yes,Yes,No,No,43,57
,,,,,No,No,Yes,No,No,Yes,48,52
,,,,,No,No,No,No,Yes,No,63,37
,,,,,No,Yes,No,No,Yes,No,58,42
,,,,,No,No,No,Yes,Yes,No,60,40
,,,,,No,No,No,No,Yes,Yes,62,38
,,,,,No,Yes,No,No,No,No,38,62
,,,,,No,No,No,Yes,No,No,33,67
,,,,,No,No,No,No,No,Yes,37,63
,,,,,No,No,No,No,No,No,48,52
,,,,Long,Yes,No,No,No,No,No,54,46
,,,,,Yes,Yes,No,No,No,No,39,61
,,,,,Yes,No,No,Yes,No,No,44,56
,,,,,Yes,No,No,No,No,Yes,49,51
,,,,,No,No,Yes,No,No,No,59,41
,,,,,No,Yes,Yes,No,No,No,39,61
,,,,,No,No,Yes,Yes,No,No,44,56
,,,,,No,No,Yes,No,No,Yes,49,51
,,,,,No,No,No,No,Yes,No,64,36
,,,,,No,Yes,No,No,Yes,No,59,41
,,,,,No,No,No,Yes,Yes,No,61,39
,,,,,No,No,No,No,Yes,Yes,63,37
,,,,,No,Yes,No,No,No,No,39,61
,,,,,No,No,No,Yes,No,No,34,66
,,,,,No,No,No,No,No,Yes,38,62
,,,,,No,No,No,No,No,No,49,51
Michigan,393;827;828,19,Landon,Garner,Yes,No,No,No,No,No,53,47
,,,,,Yes,Yes,No,No,No,No,38,62
,,,,,Yes,No,No,Yes,No,No,43,57
,,,,,Yes,No,No,No,No,Yes,48,52
,,,,,No,No,Yes,No,No,No,58,42
,,,,,No,Yes,Yes,No,No,No,38,62
,,,,,No,No,Yes,Yes,No,No,43,57
,,,,,No,No,Yes,No,No,Yes,48,52
,,,,,No,No,No,No,Yes,No,63,37
,,,,,No,Yes,No,No,Yes,No,58,42
,,,,,No,No,No,Yes,Yes,No,60,40
,,,,,No,No,No,No,Yes,Yes,62,38
,,,,,No,Yes,No,No,No,No,38,62
,,,,,No,No,No,Yes,No,No,33,67
,,,,,No,No,No,No,No,Yes,37,63
,,,,,No,No,No,No,No,No,48,52
,,,,Long,Yes,No,No,No,No,No,55,45
,,,,,Yes,Yes,No,No,No,No,40,60
,,,,,Yes,No,No,Yes,No,No,45,55
,,,,,Yes,No,No,No,No,Yes,50,50
,,,,,No,No,Yes,No,No,No,60,40
,,,,,No,Yes,Yes,No,No,No,40,60
,,,,,No,No,Yes,Yes,No,No,45,55
,,,,,No,No,Yes,No,No,Yes,50,50
,,,,,No,No,No,No,Yes,No,65,35
,,,,,No,Yes,No,No,Yes,No,60,40
,,,,,No,No,No,Yes,Yes,No,62,38
,,,,,No,No,No,No,Yes,Yes,64,36
,,,,,No,Yes,No,No,No,No,40,60
,,,,,No,No,No,Yes,No,No,35,65
,,,,,No,No,No,No,No,Yes,39,61
,,,,,No,No,No,No,No,No,50,50
,,,Roosevelt,Garner,Yes,No,No,No,No,No,51,49
,,,,,Yes,Yes,No,No,No,No,36,64
,,,,,Yes,No,No,Yes,No,No,41,59
,,,,,Yes,No,No,No,No,Yes,46,54
,,,,,No,No,Yes,No,No,No,56,44
,,,,,No,Yes,Yes,No,No,No,36,64
,,,,,No,No,Yes,Yes,No,No,41,59
,,,,,No,No,Yes,No,No,Yes,46,54
,,,,,No,No,No,No,Yes,No,61,39
,,,,,No,Yes,No,No,Yes,No,56,44
,,,,,No,No,No,Yes,Yes,No,58,42
,,,,,No,No,No,No,Yes,Yes,60,40
,,,,,No,Yes,No,No,No,No,36,64
,,,,,No,No,No,Yes,No,No,31,69
,,,,,No,No,No,No,No,Yes,35,65
,,,,,No,No,No,No,No,No,46,54
,,,,Long,Yes,No,No,No,No,No,52,48
,,,,,Yes,Yes,No,No,No,No,37,63
,,,,,Yes,No,No,Yes,No,No,42,58
,,,,,Yes,No,No,No,No,Yes,47,53
,,,,,No,No,Yes,No,No,No,57,43
,,,,,No,Yes,Yes,No,No,No,37,63
,,,,,No,No,Yes,Yes,No,No,42,58
,,,,,No,No,Yes,No,No,Yes,47,53
,,,,,No,No,No,No,Yes,No,62,38
,,,,,No,Yes,No,No,Yes,No,57,43
,,,,,No,No,No,Yes,Yes,No,59,41
,,,,,No,No,No,No,Yes,Yes,61,39
,,,,,No,Yes,No,No,No,No,37,63
,,,,,No,No,No,Yes,No,No,32,68
,,,,,No,No,No,No,No,Yes,36,64
,,,,,No,No,No,No,No,No,47,53
Indiana,396,14,Landon,Garner,Yes,No,No,No,No,No,54,46
,,,,,Yes,Yes,No,No,No,No,39,61
,,,,,Yes,No,No,Yes,No,No,44,56
,,,,,Yes,No,No,No,No,Yes,49,51
,,,,,No,No,Yes,No,No,No,59,41
,,,,,No,Yes,Yes,No,No,No,39,61
,,,,,No,No,Yes,Yes,No,No,44,56
,,,,,No,No,Yes,No,No,Yes,49,51
,,,,,No,No,No,No,Yes,No,64,36
,,,,,No,Yes,No,No,Yes,No,59,41
,,,,,No,No,No,Yes,Yes,No,61,39
,,,,,No,No,No,No,Yes,Yes,63,37
,,,,,No,Yes,No,No,No,No,39,61
,,,,,No,No,No,Yes,No,No,34,66
,,,,,No,No,No,No,No,Yes,38,62
,,,,,No,No,No,No,No,No,49,51
,,,,Long,Yes,No,No,No,No,No,56,44
,,,,,Yes,Yes,No,No,No,No,41,59
,,,,,Yes,No,No,Yes,No,No,46,54
,,,,,Yes,No,No,No,No,Yes,51,49
,,,,,No,No,Yes,No,No,No,61,39
,,,,,No,Yes,Yes,No,No,No,41,59
,,,,,No,No,Yes,Yes,No,No,46,54
,,,,,No,No,Yes,No,No,Yes,51,49
,,,,,No,No,No,No,Yes,No,66,34
,,,,,No,Yes,No,No,Yes,No,61,39
,,,,,No,No,No,Yes,Yes,No,63,37
,,,,,No,No,No,No,Yes,Yes,65,35
,,,,,No,Yes,No,No,No,No,41,59
,,,,,No,No,No,Yes,No,No,36,64
,,,,,No,No,No,No,No,Yes,40,60
,,,,,No,No,No,No,No,No,51,49
,,,Roosevelt,Garner,Yes,No,No,No,No,No,52,48
,,,,,Yes,Yes,No,No,No,No,37,63
,,,,,Yes,No,No,Yes,No,No,42,58
,,,,,Yes,No,No,No,No,Yes,47,53
,,,,,No,No,Yes,No,No,No,57,43
,,,,,No,Yes,Yes,No,No,No,37,63
,,,,,No,No,Yes,Yes,No,No,42,58
,,,,,No,No,Yes,No,No,Yes,47,53
,,,,,No,No,No,No,Yes,No,62,38
,,,,,No,Yes,No,No,Yes,No,57,43
,,,,,No,No,No,Yes,Yes,No,59,41
,,,,,No,No,No,No,Yes,Yes,61,39
,,,,,No,Yes,No,No,No,No,37,63
,,,,,No,No,No,Yes,No,No,32,68
,,,,,No,No,No,No,No,Yes,36,64
,,,,,No,No,No,No,No,No,47,53
,,,,Long,Yes,No,No,No,No,No,53,47
,,,,,Yes,Yes,No,No,No,No,38,62
,,,,,Yes,No,No,Yes,No,No,43,57
,,,,,Yes,No,No,No,No,Yes,48,52
,,,,,No,No,Yes,No,No,No,58,42
,,,,,No,Yes,Yes,No,No,No,38,62
,,,,,No,No,Yes,Yes,No,No,43,57
,,,,,No,No,Yes,No,No,Yes,48,52
,,,,,No,No,No,No,Yes,No,63,37
,,,,,No,Yes,No,No,Yes,No,58,42
,,,,,No,No,No,Yes,Yes,No,60,40
,,,,,No,No,No,No,Yes,Yes,62,38
,,,,,No,Yes,No,No,No,No,38,62
,,,,,No,No,No,Yes,No,No,33,67
,,,,,No,No,No,No,No,Yes,37,63
,,,,,No,No,No,No,No,No,48,52
Ohio,261,26,Landon,Garner,Yes,No,No,No,No,No,52,48
,,,,,Yes,Yes,No,No,No,No,37,63
,,,,,Yes,No,No,Yes,No,No,42,58
,,,,,Yes,No,No,No,No,Yes,47,53
,,,,,No,No,Yes,No,No,No,57,43
,,,,,No,Yes,Yes,No,No,No,37,63
,,,,,No,No,Yes,Yes,No,No,42,58
,,,,,No,No,Yes,No,No,Yes,47,53
,,,,,No,No,No,No,Yes,No,62,38
,,,,,No,Yes,No,No,Yes,No,57,43
,,,,,No,No,No,Yes,Yes,No,59,41
,,,,,No,No,No,No,Yes,Yes,61,39
,,,,,No,Yes,No,No,No,No,37,63
,,,,,No,No,No,Yes,No,No,32,68
,,,,,No,No,No,No,No,Yes,36,64
,,,,,No,No,No,No,No,No,47,53
,,,,Long,Yes,No,No,No,No,No,54,46
,,,,,Yes,Yes,No,No,No,No,39,61
,,,,,Yes,No,No,Yes,No,No,44,56
,,,,,Yes,No,No,No,No,Yes,49,51
,,,,,No,No,Yes,No,No,No,59,41
,,,,,No,Yes,Yes,No,No,No,39,61
,,,,,No,No,Yes,Yes,No,No,44,56
,,,,,No,No,Yes,No,No,Yes,49,51
,,,,,No,No,No,No,Yes,No,64,36
,,,,,No,Yes,No,No,Yes,No,59,41
,,,,,No,No,No,Yes,Yes,No,61,39
,,,,,No,No,No,No,Yes,Yes,63,37
,,,,,No,Yes,No,No,No,No,39,61
,,,,,No,No,No,Yes,No,No,34,66
,,,,,No,No,No,No,No,Yes,38,62
,,,,,No,No,No,No,No,No,49,51
,,,Roosevelt,Garner,Yes,No,No,No,No,No,50,50
,,,,,Yes,Yes,No,No,No,No,35,65
,,,,,Yes,No,No,Yes,No,No,40,60
,,,,,Yes,No,No,No,No,Yes,45,55
,,,,,No,No,Yes,No,No,No,55,45
,,,,,No,Yes,Yes,No,No,No,35,65
,,,,,No,No,Yes,Yes,No,No,40,60
,,,,,No,No,Yes,No,No,Yes,45,55
,,,,,No,No,No,No,Yes,No,60,40
,,,,,No,Yes,No,No,Yes,No,55,45
,,,,,No,No,No,Yes,Yes,No,57,43
,,,,,No,No,No,No,Yes,Yes,59,41
,,,,,No,Yes,No,No,No,No,35,65
,,,,,No,No,No,Yes,No,No,30,70
,,,,,No,No,No,No,No,Yes,34,66
,,,,,No,No,No,No,No,No,45,55
,,,,Long,Yes,No,No,No,No,No,51,49
,,,,,Yes,Yes,No,No,No,No,36,64
,,,,,Yes,No,No,Yes,No,No,41,59
,,,,,Yes,No,No,No,No,Yes,46,54
,,,,,No,No,Yes,No,No,No,56,44
,,,,,No,Yes,Yes,No,No,No,36,64
,,,,,No,No,Yes,Yes,No,No,41,59
,,,,,No,No,Yes,No,No,Yes,46,54
,,,,,No,No,No,No,Yes,No,61,39
,,,,,No,Yes,No,No,Yes,No,56,44
,,,,,No,No,No,Yes,Yes,No,58,42
,,,,,No,No,No,No,Yes,Yes,60,40
,,,,,No,Yes,No,No,No,No,36,64
,,,,,No,No,No,Yes,No,No,31,69
,,,,,No,No,No,No,No,Yes,35,65
,,,,,No,No,No,No,No,No,46,54
Sum:,-,161,,,,,,,,,,
Texas,375,23,Landon,Garner,Yes,No,No,No,No,No,70,30
,,,,,Yes,Yes,No,No,No,No,55,45
,,,,,Yes,No,No,Yes,No,No,50,50
,,,,,Yes,No,No,No,No,Yes,60,40
,,,,,No,No,Yes,No,No,No,75,25
,,,,,No,Yes,Yes,No,No,No,65,35
,,,,,No,No,Yes,Yes,No,No,60,40
,,,,,No,No,Yes,No,No,Yes,65,35
,,,,,No,No,No,No,Yes,No,65,35
,,,,,No,Yes,No,No,Yes,No,55,45
,,,,,No,No,No,Yes,Yes,No,50,50
,,,,,No,No,No,No,Yes,Yes,60,40
,,,,,No,Yes,No,No,No,No,50,50
,,,,,No,No,No,Yes,No,No,45,55
,,,,,No,No,No,No,No,Yes,45,55
,,,,,No,No,No,No,No,No,55,45
,,,,Long,Yes,No,No,No,No,No,55,45
,,,,,Yes,Yes,No,No,No,No,40,60
,,,,,Yes,No,No,Yes,No,No,35,65
,,,,,Yes,No,No,No,No,Yes,45,55
,,,,,No,No,Yes,No,No,No,60,40
,,,,,No,Yes,Yes,No,No,No,50,50
,,,,,No,No,Yes,Yes,No,No,45,55
,,,,,No,No,Yes,No,No,Yes,50,50
,,,,,No,No,No,No,Yes,No,50,50
,,,,,No,Yes,No,No,Yes,No,40,60
,,,,,No,No,No,Yes,Yes,No,35,65
,,,,,No,No,No,No,Yes,Yes,45,55
,,,,,No,Yes,No,No,No,No,35,65
,,,,,No,No,No,Yes,No,No,30,70
,,,,,No,No,No,No,No,Yes,30,70
,,,,,No,No,No,No,No,No,40,60
,,,Roosevelt,Garner,Yes,No,No,No,No,No,77,23
,,,,,Yes,Yes,No,No,No,No,62,38
,,,,,Yes,No,No,Yes,No,No,57,43
,,,,,Yes,No,No,No,No,Yes,67,33
,,,,,No,No,Yes,No,No,No,82,18
,,,,,No,Yes,Yes,No,No,No,72,28
,,,,,No,No,Yes,Yes,No,No,67,33
,,,,,No,No,Yes,No,No,Yes,72,28
,,,,,No,No,No,No,Yes,No,72,28
,,,,,No,Yes,No,No,Yes,No,62,38
,,,,,No,No,No,Yes,Yes,No,57,43
,,,,,No,No,No,No,Yes,Yes,67,33
,,,,,No,Yes,No,No,No,No,57,43
,,,,,No,No,No,Yes,No,No,52,48
,,,,,No,No,No,No,No,Yes,52,48
,,,,,No,No,No,No,No,No,62,38
,,,,Long,Yes,No,No,No,No,No,87,13
,,,,,Yes,Yes,No,No,No,No,72,28
,,,,,Yes,No,No,Yes,No,No,67,33
,,,,,Yes,No,No,No,No,Yes,77,23
,,,,,No,No,Yes,No,No,No,92,8
,,,,,No,Yes,Yes,No,No,No,82,18
,,,,,No,No,Yes,Yes,No,No,77,23
,,,,,No,No,Yes,No,No,Yes,82,18
,,,,,No,No,No,No,Yes,No,82,18
,,,,,No,Yes,No,No,Yes,No,72,28
,,,,,No,No,No,Yes,Yes,No,67,33
,,,,,No,No,No,No,Yes,Yes,77,23
,,,,,No,Yes,No,No,No,No,67,33
,,,,,No,No,No,Yes,No,No,62,38
,,,,,No,No,No,No,No,Yes,62,38
,,,,,No,No,No,No,No,No,72,28
Oklahoma,374,11,Landon,Garner,Yes,No,No,No,No,No,77,23
,,,,,Yes,Yes,No,No,No,No,62,38
,,,,,Yes,No,No,Yes,No,No,57,43
,,,,,Yes,No,No,No,No,Yes,67,33
,,,,,No,No,Yes,No,No,No,82,18
,,,,,No,Yes,Yes,No,No,No,72,28
,,,,,No,No,Yes,Yes,No,No,67,33
,,,,,No,No,Yes,No,No,Yes,72,28
,,,,,No,No,No,No,Yes,No,72,28
,,,,,No,Yes,No,No,Yes,No,62,38
,,,,,No,No,No,Yes,Yes,No,57,43
,,,,,No,No,No,No,Yes,Yes,67,33
,,,,,No,Yes,No,No,No,No,57,43
,,,,,No,No,No,Yes,No,No,52,48
,,,,,No,No,No,No,No,Yes,52,48
,,,,,No,No,No,No,No,No,62,38
,,,,Long,Yes,No,No,No,No,No,62,38
,,,,,Yes,Yes,No,No,No,No,47,53
,,,,,Yes,No,No,Yes,No,No,42,58
,,,,,Yes,No,No,No,No,Yes,52,48
,,,,,No,No,Yes,No,No,No,67,33
,,,,,No,Yes,Yes,No,No,No,57,43
,,,,,No,No,Yes,Yes,No,No,52,48
,,,,,No,No,Yes,No,No,Yes,57,43
,,,,,No,No,No,No,Yes,No,57,43
,,,,,No,Yes,No,No,Yes,No,47,53
,,,,,No,No,No,Yes,Yes,No,42,58
,,,,,No,No,No,No,Yes,Yes,52,48
,,,,,No,Yes,No,No,No,No,42,58
,,,,,No,No,No,Yes,No,No,37,63
,,,,,No,No,No,No,No,Yes,37,63
,,,,,No,No,No,No,No,No,47,53
,,,Roosevelt,Garner,Yes,No,No,No,No,No,84,16
,,,,,Yes,Yes,No,No,No,No,69,31
,,,,,Yes,No,No,Yes,No,No,64,36
,,,,,Yes,No,No,No,No,Yes,74,26
,,,,,No,No,Yes,No,No,No,89,11
,,,,,No,Yes,Yes,No,No,No,79,21
,,,,,No,No,Yes,Yes,No,No,74,26
,,,,,No,No,Yes,No,No,Yes,79,21
,,,,,No,No,No,No,Yes,No,79,21
,,,,,No,Yes,No,No,Yes,No,69,31
,,,,,No,No,No,Yes,Yes,No,64,36
,,,,,No,No,No,No,Yes,Yes,74,26
,,,,,No,Yes,No,No,No,No,64,36
,,,,,No,No,No,Yes,No,No,59,41
,,,,,No,No,No,No,No,Yes,59,41
,,,,,No,No,No,No,No,No,69,31
,,,,Long,Yes,No,No,No,No,No,94,6
,,,,,Yes,Yes,No,No,No,No,79,21
,,,,,Yes,No,No,Yes,No,No,74,26
,,,,,Yes,No,No,No,No,Yes,84,16
,,,,,No,No,Yes,No,No,No,99,1
,,,,,No,Yes,Yes,No,No,No,89,11
,,,,,No,No,Yes,Yes,No,No,84,16
,,,,,No,No,Yes,No,No,Yes,89,11
,,,,,No,No,No,No,Yes,No,89,11
,,,,,No,Yes,No,No,Yes,No,79,21
,,,,,No,No,No,Yes,Yes,No,74,26
,,,,,No,No,No,No,Yes,Yes,84,16
,,,,,No,Yes,No,No,No,No,74,26
,,,,,No,No,No,Yes,No,No,69,31
,,,,,No,No,No,No,No,Yes,69,31
,,,,,No,No,No,No,No,No,79,21
Arkansas,372,9,Landon,Garner,Yes,No,No,No,No,No,73,27
,,,,,Yes,Yes,No,No,No,No,58,42
,,,,,Yes,No,No,Yes,No,No,53,47
,,,,,Yes,No,No,No,No,Yes,63,37
,,,,,No,No,Yes,No,No,No,78,22
,,,,,No,Yes,Yes,No,No,No,68,32
,,,,,No,No,Yes,Yes,No,No,63,37
,,,,,No,No,Yes,No,No,Yes,68,32
,,,,,No,No,No,No,Yes,No,68,32
,,,,,No,Yes,No,No,Yes,No,58,42
,,,,,No,No,No,Yes,Yes,No,53,47
,,,,,No,No,No,No,Yes,Yes,63,37
,,,,,No,Yes,No,No,No,No,53,47
,,,,,No,No,No,Yes,No,No,48,52
,,,,,No,No,No,No,No,Yes,48,52
,,,,,No,No,No,No,No,No,58,42
,,,,Long,Yes,No,No,No,No,No,58,42
,,,,,Yes,Yes,No,No,No,No,43,57
,,,,,Yes,No,No,Yes,No,No,38,62
,,,,,Yes,No,No,No,No,Yes,48,52
,,,,,No,No,Yes,No,No,No,63,37
,,,,,No,Yes,Yes,No,No,No,53,47
,,,,,No,No,Yes,Yes,No,No,48,52
,,,,,No,No,Yes,No,No,Yes,53,47
,,,,,No,No,No,No,Yes,No,53,47
,,,,,No,Yes,No,No,Yes,No,43,57
,,,,,No,No,No,Yes,Yes,No,38,62
,,,,,No,No,No,No,Yes,Yes,48,52
,,,,,No,Yes,No,No,No,No,38,62
,,,,,No,No,No,Yes,No,No,33,67
,,,,,No,No,No,No,No,Yes,33,67
,,,,,No,No,No,No,No,No,43,57
,,,Roosevelt,Garner,Yes,No,No,No,No,No,80,20
,,,,,Yes,Yes,No,No,No,No,65,35
,,,,,Yes,No,No,Yes,No,No,60,40
,,,,,Yes,No,No,No,No,Yes,70,30
,,,,,No,No,Yes,No,No,No,85,15
,,,,,No,Yes,Yes,No,No,No,75,25
,,,,,No,No,Yes,Yes,No,No,70,30
,,,,,No,No,Yes,No,No,Yes,75,25
,,,,,No,No,No,No,Yes,No,75,25
,,,,,No,Yes,No,No,Yes,No,65,35
,,,,,No,No,No,Yes,Yes,No,60,40
,,,,,No,No,No,No,Yes,Yes,70,30
,,,,,No,Yes,No,No,No,No,60,40
,,,,,No,No,No,Yes,No,No,55,45
,,,,,No,No,No,No,No,Yes,55,45
,,,,,No,No,No,No,No,No,65,35
,,,,Long,Yes,No,No,No,No,No,90,10
,,,,,Yes,Yes,No,No,No,No,75,25
,,,,,Yes,No,No,Yes,No,No,70,30
,,,,,Yes,No,No,No,No,Yes,80,20
,,,,,No,No,Yes,No,No,No,95,5
,,,,,No,Yes,Yes,No,No,No,85,15
,,,,,No,No,Yes,Yes,No,No,80,20
,,,,,No,No,Yes,No,No,Yes,85,15
,,,,,No,No,No,No,Yes,No,85,15
,,,,,No,Yes,No,No,Yes,No,75,25
,,,,,No,No,No,Yes,Yes,No,70,30
,,,,,No,No,No,No,Yes,Yes,80,20
,,,,,No,Yes,No,No,No,No,70,30
,,,,,No,No,No,Yes,No,No,65,35
,,,,,No,No,No,No,No,Yes,65,35
,,,,,No,No,No,No,No,No,75,25
Louisiana,371,10,Landon,Garner,Yes,No,No,No,No,No,80,20
,,,,,Yes,Yes,No,No,No,No,70,30
,,,,,Yes,No,No,Yes,No,No,55,45
,,,,,Yes,No,No,No,No,Yes,50,50
,,,,,No,No,Yes,No,No,No,60,40
,,,,,No,Yes,Yes,No,No,No,75,25
,,,,,No,No,Yes,Yes,No,No,65,35
,,,,,No,No,Yes,No,No,Yes,60,40
,,,,,No,No,No,No,Yes,No,65,35
,,,,,No,Yes,No,No,Yes,No,65,35
,,,,,No,No,No,Yes,Yes,No,55,45
,,,,,No,No,No,No,Yes,Yes,50,50
,,,,,No,Yes,No,No,No,No,60,40
,,,,,No,No,No,Yes,No,No,50,50
,,,,,No,No,No,No,No,Yes,45,55
,,,,,No,No,No,No,No,No,45,55
,,,,Long,Yes,No,No,No,No,No,55,45
,,,,,Yes,Yes,No,No,No,No,55,45
,,,,,Yes,No,No,Yes,No,No,40,60
,,,,,Yes,No,No,No,No,Yes,35,65
,,,,,No,No,Yes,No,No,No,45,55
,,,,,No,Yes,Yes,No,No,No,60,40
,,,,,No,No,Yes,Yes,No,No,50,50
,,,,,No,No,Yes,No,No,Yes,45,55
,,,,,No,No,No,No,Yes,No,50,50
,,,,,No,Yes,No,No,Yes,No,50,50
,,,,,No,No,No,Yes,Yes,No,40,60
,,,,,No,No,No,No,Yes,Yes,35,65
,,,,,No,Yes,No,No,No,No,45,55
,,,,,No,No,No,Yes,No,No,35,65
,,,,,No,No,No,No,No,Yes,30,70
,,,,,No,No,No,No,No,No,30,70
,,,Roosevelt,Garner,Yes,No,No,No,No,No,40,60
,,,,,Yes,Yes,No,No,No,No,77,23
,,,,,Yes,No,No,Yes,No,No,62,38
,,,,,Yes,No,No,No,No,Yes,57,43
,,,,,No,No,Yes,No,No,No,67,33
,,,,,No,Yes,Yes,No,No,No,82,18
,,,,,No,No,Yes,Yes,No,No,72,28
,,,,,No,No,Yes,No,No,Yes,67,33
,,,,,No,No,No,No,Yes,No,72,28
,,,,,No,Yes,No,No,Yes,No,72,28
,,,,,No,No,No,Yes,Yes,No,62,38
,,,,,No,No,No,No,Yes,Yes,57,43
,,,,,No,Yes,No,No,No,No,67,33
,,,,,No,No,No,Yes,No,No,57,43
,,,,,No,No,No,No,No,Yes,52,48
,,,,,No,No,No,No,No,No,52,48
,,,,Long,Yes,No,No,No,No,No,62,38
,,,,,Yes,Yes,No,No,No,No,87,13
,,,,,Yes,No,No,Yes,No,No,72,28
,,,,,Yes,No,No,No,No,Yes,67,33
,,,,,No,No,Yes,No,No,No,77,23
,,,,,No,Yes,Yes,No,No,No,92,8
,,,,,No,No,Yes,Yes,No,No,82,18
,,,,,No,No,Yes,No,No,Yes,77,23
,,,,,No,No,No,No,Yes,No,82,18
,,,,,No,Yes,No,No,Yes,No,82,18
,,,,,No,No,No,Yes,Yes,No,72,28
,,,,,No,No,No,No,Yes,Yes,67,33
,,,,,No,Yes,No,No,No,No,77,23
,,,,,No,No,No,Yes,No,No,67,33
,,,,,No,No,No,No,No,Yes,62,38
,,,,,No,No,No,No,No,No,62,38
Mississippi,370,9,Landon,Garner,Yes,No,No,No,No,No,50,50
,,,,,Yes,Yes,No,No,No,No,35,65
,,,,,Yes,No,No,Yes,No,No,30,70
,,,,,Yes,No,No,No,No,Yes,40,60
,,,,,No,No,Yes,No,No,No,55,45
,,,,,No,Yes,Yes,No,No,No,45,55
,,,,,No,No,Yes,Yes,No,No,40,60
,,,,,No,No,Yes,No,No,Yes,45,55
,,,,,No,No,No,No,Yes,No,45,55
,,,,,No,Yes,No,No,Yes,No,35,65
,,,,,No,No,No,Yes,Yes,No,30,70
,,,,,No,No,No,No,Yes,Yes,40,60
,,,,,No,Yes,No,No,No,No,30,70
,,,,,No,No,No,Yes,No,No,25,75
,,,,,No,No,No,No,No,Yes,25,75
,,,,,No,No,No,No,No,No,35,65
,,,,Long,Yes,No,No,No,No,No,35,65
,,,,,Yes,Yes,No,No,No,No,20,80
,,,,,Yes,No,No,Yes,No,No,15,85
,,,,,Yes,No,No,No,No,Yes,25,75
,,,,,No,No,Yes,No,No,No,40,60
,,,,,No,Yes,Yes,No,No,No,30,70
,,,,,No,No,Yes,Yes,No,No,25,75
,,,,,No,No,Yes,No,No,Yes,30,70
,,,,,No,No,No,No,Yes,No,30,70
,,,,,No,Yes,No,No,Yes,No,20,80
,,,,,No,No,No,Yes,Yes,No,15,85
,,,,,No,No,No,No,Yes,Yes,25,75
,,,,,No,Yes,No,No,No,No,15,85
,,,,,No,No,No,Yes,No,No,10,90
,,,,,No,No,No,No,No,Yes,10,90
,,,,,No,No,No,No,No,No,20,80
,,,Roosevelt,Garner,Yes,No,No,No,No,No,57,43
,,,,,Yes,Yes,No,No,No,No,42,58
,,,,,Yes,No,No,Yes,No,No,37,63
,,,,,Yes,No,No,No,No,Yes,47,53
,,,,,No,No,Yes,No,No,No,62,38
,,,,,No,Yes,Yes,No,No,No,52,48
,,,,,No,No,Yes,Yes,No,No,47,53
,,,,,No,No,Yes,No,No,Yes,52,48
,,,,,No,No,No,No,Yes,No,52,48
,,,,,No,Yes,No,No,Yes,No,42,58
,,,,,No,No,No,Yes,Yes,No,37,63
,,,,,No,No,No,No,Yes,Yes,47,53
,,,,,No,Yes,No,No,No,No,37,63
,,,,,No,No,No,Yes,No,No,32,68
,,,,,No,No,No,No,No,Yes,32,68
,,,,,No,No,No,No,No,No,42,58
,,,,Long,Yes,No,No,No,No,No,67,33
,,,,,Yes,Yes,No,No,No,No,52,48
,,,,,Yes,No,No,Yes,No,No,47,53
,,,,,Yes,No,No,No,No,Yes,57,43
,,,,,No,No,Yes,No,No,No,72,28
,,,,,No,Yes,Yes,No,No,No,62,38
,,,,,No,No,Yes,Yes,No,No,57,43
,,,,,No,No,Yes,No,No,Yes,62,38
,,,,,No,No,No,No,Yes,No,62,38
,,,,,No,Yes,No,No,Yes,No,52,48
,,,,,No,No,No,Yes,Yes,No,47,53
,,,,,No,No,No,No,Yes,Yes,57,43
,,,,,No,Yes,No,No,No,No,47,53
,,,,,No,No,No,Yes,No,No,42,58
,,,,,No,No,No,No,No,Yes,42,58
,,,,,No,No,No,No,No,No,52,48
Tennessee,368,11,Landon,Garner,Yes,No,No,No,No,No,80,20
,,,,,Yes,Yes,No,No,No,No,65,35
,,,,,Yes,No,No,Yes,No,No,60,40
,,,,,Yes,No,No,No,No,Yes,70,30
,,,,,No,No,Yes,No,No,No,85,15
,,,,,No,Yes,Yes,No,No,No,75,25
,,,,,No,No,Yes,Yes,No,No,70,30
,,,,,No,No,Yes,No,No,Yes,75,25
,,,,,No,No,No,No,Yes,No,75,25
,,,,,No,Yes,No,No,Yes,No,65,35
,,,,,No,No,No,Yes,Yes,No,60,40
,,,,,No,No,No,No,Yes,Yes,70,30
,,,,,No,Yes,No,No,No,No,60,40
,,,,,No,No,No,Yes,No,No,55,45
,,,,,No,No,No,No,No,Yes,55,45
,,,,,No,No,No,No,No,No,65,35
,,,,Long,Yes,No,No,No,No,No,65,35
,,,,,Yes,Yes,No,No,No,No,50,50
,,,,,Yes,No,No,Yes,No,No,45,55
,,,,,Yes,No,No,No,No,Yes,55,45
,,,,,No,No,Yes,No,No,No,70,30
,,,,,No,Yes,Yes,No,No,No,60,40
,,,,,No,No,Yes,Yes,No,No,55,45
,,,,,No,No,Yes,No,No,Yes,60,40
,,,,,No,No,No,No,Yes,No,60,40
,,,,,No,Yes,No,No,Yes,No,50,50
,,,,,No,No,No,Yes,Yes,No,45,55
,,,,,No,No,No,No,Yes,Yes,55,45
,,,,,No,Yes,No,No,No,No,45,55
,,,,,No,No,No,Yes,No,No,40,60
,,,,,No,No,No,No,No,Yes,40,60
,,,,,No,No,No,No,No,No,50,50
,,,Roosevelt,Garner,Yes,No,No,No,No,No,87,13
,,,,,Yes,Yes,No,No,No,No,72,28
,,,,,Yes,No,No,Yes,No,No,67,33
,,,,,Yes,No,No,No,No,Yes,77,23
,,,,,No,No,Yes,No,No,No,92,8
,,,,,No,Yes,Yes,No,No,No,82,18
,,,,,No,No,Yes,Yes,No,No,77,23
,,,,,No,No,Yes,No,No,Yes,82,18
,,,,,No,No,No,No,Yes,No,82,18
,,,,,No,Yes,No,No,Yes,No,72,28
,,,,,No,No,No,Yes,Yes,No,67,33
,,,,,No,No,No,No,Yes,Yes,77,23
,,,,,No,Yes,No,No,No,No,67,33
,,,,,No,No,No,Yes,No,No,62,38
,,,,,No,No,No,No,No,Yes,62,38
,,,,,No,No,No,No,No,No,72,28
,,,,Long,Yes,No,No,No,No,No,97,3
,,,,,Yes,Yes,No,No,No,No,82,18
,,,,,Yes,No,No,Yes,No,No,77,23
,,,,,Yes,No,No,No,No,Yes,87,13
,,,,,No,No,Yes,No,No,No,102,-2
,,,,,No,Yes,Yes,No,No,No,92,8
,,,,,No,No,Yes,Yes,No,No,87,13
,,,,,No,No,Yes,No,No,Yes,92,8
,,,,,No,No,No,No,Yes,No,92,8
,,,,,No,Yes,No,No,Yes,No,82,18
,,,,,No,No,No,Yes,Yes,No,77,23
,,,,,No,No,No,No,Yes,Yes,87,13
,,,,,No,Yes,No,No,No,No,77,23
,,,,,No,No,No,Yes,No,No,72,28
,,,,,No,No,No,No,No,Yes,72,28
,,,,,No,No,No,No,No,No,82,18
Alabama,367,11,Landon,Garner,Yes,No,No,No,No,No,70,30
,,,,,Yes,Yes,No,No,No,No,55,45
,,,,,Yes,No,No,Yes,No,No,50,50
,,,,,Yes,No,No,No,No,Yes,60,40
,,,,,No,No,Yes,No,No,No,75,25
,,,,,No,Yes,Yes,No,No,No,65,35
,,,,,No,No,Yes,Yes,No,No,60,40
,,,,,No,No,Yes,No,No,Yes,65,35
,,,,,No,No,No,No,Yes,No,65,35
,,,,,No,Yes,No,No,Yes,No,55,45
,,,,,No,No,No,Yes,Yes,No,50,50
,,,,,No,No,No,No,Yes,Yes,60,40
,,,,,No,Yes,No,No,No,No,50,50
,,,,,No,No,No,Yes,No,No,45,55
,,,,,No,No,No,No,No,Yes,45,55
,,,,,No,No,No,No,No,No,55,45
,,,,Long,Yes,No,No,No,No,No,55,45
,,,,,Yes,Yes,No,No,No,No,40,60
,,,,,Yes,No,No,Yes,No,No,35,65
,,,,,Yes,No,No,No,No,Yes,45,55
,,,,,No,No,Yes,No,No,No,60,40
,,,,,No,Yes,Yes,No,No,No,50,50
,,,,,No,No,Yes,Yes,No,No,45,55
,,,,,No,No,Yes,No,No,Yes,50,50
,,,,,No,No,No,No,Yes,No,50,50
,,,,,No,Yes,No,No,Yes,No,40,60
,,,,,No,No,No,Yes,Yes,No,35,65
,,,,,No,No,No,No,Yes,Yes,45,55
,,,,,No,Yes,No,No,No,No,35,65
,,,,,No,No,No,Yes,No,No,30,70
,,,,,No,No,No,No,No,Yes,30,70
,,,,,No,No,No,No,No,No,40,60
,,,Roosevelt,Garner,Yes,No,No,No,No,No,77,23
,,,,,Yes,Yes,No,No,No,No,62,38
,,,,,Yes,No,No,Yes,No,No,57,43
,,,,,Yes,No,No,No,No,Yes,67,33
,,,,,No,No,Yes,No,No,No,82,18
,,,,,No,Yes,Yes,No,No,No,72,28
,,,,,No,No,Yes,Yes,No,No,67,33
,,,,,No,No,Yes,No,No,Yes,72,28
,,,,,No,No,No,No,Yes,No,72,28
,,,,,No,Yes,No,No,Yes,No,62,38
,,,,,No,No,No,Yes,Yes,No,57,43
,,,,,No,No,No,No,Yes,Yes,67,33
,,,,,No,Yes,No,No,No,No,57,43
,,,,,No,No,No,Yes,No,No,52,48
,,,,,No,No,No,No,No,Yes,52,48
,,,,,No,No,No,No,No,No,62,38
,,,,Long,Yes,No,No,No,No,No,87,13
,,,,,Yes,Yes,No,No,No,No,72,28
,,,,,Yes,No,No,Yes,No,No,67,33
,,,,,Yes,No,No,No,No,Yes,77,23
,,,,,No,No,Yes,No,No,No,92,8
,,,,,No,Yes,Yes,No,No,No,82,18
,,,,,No,No,Yes,Yes,No,No,77,23
,,,,,No,No,Yes,No,No,Yes,82,18
,,,,,No,No,No,No,Yes,No,82,18
,,,,,No,Yes,No,No,Yes,No,72,28
,,,,,No,No,No,Yes,Yes,No,67,33
,,,,,No,No,No,No,Yes,Yes,77,23
,,,,,No,Yes,No,No,No,No,67,33
,,,,,No,No,No,Yes,No,No,62,38
,,,,,No,No,No,No,No,Yes,62,38
,,,,,No,No,No,No,No,No,72,28
Georgia,365,12,Landon,Garner,Yes,No,No,No,No,No,70,30
,,,,,Yes,Yes,No,No,No,No,55,45
,,,,,Yes,No,No,Yes,No,No,50,50
,,,,,Yes,No,No,No,No,Yes,60,40
,,,,,No,No,Yes,No,No,No,75,25
,,,,,No,Yes,Yes,No,No,No,65,35
,,,,,No,No,Yes,Yes,No,No,60,40
,,,,,No,No,Yes,No,No,Yes,65,35
,,,,,No,No,No,No,Yes,No,65,35
,,,,,No,Yes,No,No,Yes,No,55,45
,,,,,No,No,No,Yes,Yes,No,50,50
,,,,,No,No,No,No,Yes,Yes,60,40
,,,,,No,Yes,No,No,No,No,50,50
,,,,,No,No,No,Yes,No,No,45,55
,,,,,No,No,No,No,No,Yes,45,55
,,,,,No,No,No,No,No,No,55,45
,,,,Long,Yes,No,No,No,No,No,55,45
,,,,,Yes,Yes,No,No,No,No,40,60
,,,,,Yes,No,No,Yes,No,No,35,65
,,,,,Yes,No,No,No,No,Yes,45,55
,,,,,No,No,Yes,No,No,No,60,40
,,,,,No,Yes,Yes,No,No,No,50,50
,,,,,No,No,Yes,Yes,No,No,45,55
,,,,,No,No,Yes,No,No,Yes,50,50
,,,,,No,No,No,No,Yes,No,50,50
,,,,,No,Yes,No,No,Yes,No,40,60
,,,,,No,No,No,Yes,Yes,No,35,65
,,,,,No,No,No,No,Yes,Yes,45,55
,,,,,No,Yes,No,No,No,No,35,65
,,,,,No,No,No,Yes,No,No,30,70
,,,,,No,No,No,No,No,Yes,30,70
,,,,,No,No,No,No,No,No,40,60
,,,Roosevelt,Garner,Yes,No,No,No,No,No,77,23
,,,,,Yes,Yes,No,No,No,No,62,38
,,,,,Yes,No,No,Yes,No,No,57,43
,,,,,Yes,No,No,No,No,Yes,67,33
,,,,,No,No,Yes,No,No,No,82,18
,,,,,No,Yes,Yes,No,No,No,72,28
,,,,,No,No,Yes,Yes,No,No,67,33
,,,,,No,No,Yes,No,No,Yes,72,28
,,,,,No,No,No,No,Yes,No,72,28
,,,,,No,Yes,No,No,Yes,No,62,38
,,,,,No,No,No,Yes,Yes,No,57,43
,,,,,No,No,No,No,Yes,Yes,67,33
,,,,,No,Yes,No,No,No,No,57,43
,,,,,No,No,No,Yes,No,No,52,48
,,,,,No,No,No,No,No,Yes,52,48
,,,,,No,No,No,No,No,No,62,38
,,,,Long,Yes,No,No,No,No,No,87,13
,,,,,Yes,Yes,No,No,No,No,72,28
,,,,,Yes,No,No,Yes,No,No,67,33
,,,,,Yes,No,No,No,No,Yes,77,23
,,,,,No,No,Yes,No,No,No,92,8
,,,,,No,Yes,Yes,No,No,No,82,18
,,,,,No,No,Yes,Yes,No,No,77,23
,,,,,No,No,Yes,No,No,Yes,82,18
,,,,,No,No,No,No,Yes,No,82,18
,,,,,No,Yes,No,No,Yes,No,72,28
,,,,,No,No,No,Yes,Yes,No,67,33
,,,,,No,No,No,No,Yes,Yes,77,23
,,,,,No,Yes,No,No,No,No,67,33
,,,,,No,No,No,Yes,No,No,62,38
,,,,,No,No,No,No,No,Yes,62,38
,,,,,No,No,No,No,No,No,72,28
South Carolina,364,8,Landon,Garner,Yes,No,No,No,No,No,40,60
,,,,,Yes,Yes,No,No,No,No,25,75
,,,,,Yes,No,No,Yes,No,No,20,80
,,,,,Yes,No,No,No,No,Yes,30,70
,,,,,No,No,Yes,No,No,No,45,55
,,,,,No,Yes,Yes,No,No,No,35,65
,,,,,No,No,Yes,Yes,No,No,30,70
,,,,,No,No,Yes,No,No,Yes,35,65
,,,,,No,No,No,No,Yes,No,35,65
,,,,,No,Yes,No,No,Yes,No,25,75
,,,,,No,No,No,Yes,Yes,No,20,80
,,,,,No,No,No,No,Yes,Yes,30,70
,,,,,No,Yes,No,No,No,No,20,80
,,,,,No,No,No,Yes,No,No,15,85
,,,,,No,No,No,No,No,Yes,15,85
,,,,,No,No,No,No,No,No,25,75
,,,,Long,Yes,No,No,No,No,No,25,75
,,,,,Yes,Yes,No,No,No,No,10,90
,,,,,Yes,No,No,Yes,No,No,5,95
,,,,,Yes,No,No,No,No,Yes,15,85
,,,,,No,No,Yes,No,No,No,30,70
,,,,,No,Yes,Yes,No,No,No,20,80
,,,,,No,No,Yes,Yes,No,No,15,85
,,,,,No,No,Yes,No,No,Yes,20,80
,,,,,No,No,No,No,Yes,No,20,80
,,,,,No,Yes,No,No,Yes,No,10,90
,,,,,No,No,No,Yes,Yes,No,5,95
,,,,,No,No,No,No,Yes,Yes,15,85
,,,,,No,Yes,No,No,No,No,5,95
,,,,,No,No,No,Yes,No,No,0,100
,,,,,No,No,No,No,No,Yes,0,100
,,,,,No,No,No,No,No,No,10,90
,,,Roosevelt,Garner,Yes,No,No,No,No,No,47,53
,,,,,Yes,Yes,No,No,No,No,32,68
,,,,,Yes,No,No,Yes,No,No,27,73
,,,,,Yes,No,No,No,No,Yes,37,63
,,,,,No,No,Yes,No,No,No,52,48
,,,,,No,Yes,Yes,No,No,No,42,58
,,,,,No,No,Yes,Yes,No,No,37,63
,,,,,No,No,Yes,No,No,Yes,42,58
,,,,,No,No,No,No,Yes,No,42,58
,,,,,No,Yes,No,No,Yes,No,32,68
,,,,,No,No,No,Yes,Yes,No,27,73
,,,,,No,No,No,No,Yes,Yes,37,63
,,,,,No,Yes,No,No,No,No,27,73
,,,,,No,No,No,Yes,No,No,22,78
,,,,,No,No,No,No,No,Yes,22,78
,,,,,No,No,No,No,No,No,32,68
,,,,Long,Yes,No,No,No,No,No,57,43
,,,,,Yes,Yes,No,No,No,No,42,58
,,,,,Yes,No,No,Yes,No,No,37,63
,,,,,Yes,No,No,No,No,Yes,47,53
,,,,,No,No,Yes,No,No,No,62,38
,,,,,No,Yes,Yes,No,No,No,52,48
,,,,,No,No,Yes,Yes,No,No,47,53
,,,,,No,No,Yes,No,No,Yes,52,48
,,,,,No,No,No,No,Yes,No,52,48
,,,,,No,Yes,No,No,Yes,No,42,58
,,,,,No,No,No,Yes,Yes,No,37,63
,,,,,No,No,No,No,Yes,Yes,47,53
,,,,,No,Yes,No,No,No,No,37,63
,,,,,No,No,No,Yes,No,No,32,68
,,,,,No,No,No,No,No,Yes,32,68
,,,,,No,No,No,No,No,No,42,58
North Carolina,363,13,Landon,Garner,Yes,No,No,No,No,No,60,40
,,,,,Yes,Yes,No,No,No,No,45,55
,,,,,Yes,No,No,Yes,No,No,40,60
,,,,,Yes,No,No,No,No,Yes,50,50
,,,,,No,No,Yes,No,No,No,65,35
,,,,,No,Yes,Yes,No,No,No,55,45
,,,,,No,No,Yes,Yes,No,No,50,50
,,,,,No,No,Yes,No,No,Yes,55,45
,,,,,No,No,No,No,Yes,No,55,45
,,,,,No,Yes,No,No,Yes,No,45,55
,,,,,No,No,No,Yes,Yes,No,40,60
,,,,,No,No,No,No,Yes,Yes,50,50
,,,,,No,Yes,No,No,No,No,40,60
,,,,,No,No,No,Yes,No,No,35,65
,,,,,No,No,No,No,No,Yes,35,65
,,,,,No,No,No,No,No,No,45,55
,,,,Long,Yes,No,No,No,No,No,45,55
,,,,,Yes,Yes,No,No,No,No,30,70
,,,,,Yes,No,No,Yes,No,No,25,75
,,,,,Yes,No,No,No,No,Yes,35,65
,,,,,No,No,Yes,No,No,No,50,50
,,,,,No,Yes,Yes,No,No,No,40,60
,,,,,No,No,Yes,Yes,No,No,35,65
,,,,,No,No,Yes,No,No,Yes,40,60
,,,,,No,No,No,No,Yes,No,40,60
,,,,,No,Yes,No,No,Yes,No,30,70
,,,,,No,No,No,Yes,Yes,No,25,75
,,,,,No,No,No,No,Yes,Yes,35,65
,,,,,No,Yes,No,No,No,No,25,75
,,,,,No,No,No,Yes,No,No,20,80
,,,,,No,No,No,No,No,Yes,20,80
,,,,,No,No,No,No,No,No,30,70
,,,Roosevelt,Garner,Yes,No,No,No,No,No,67,33
,,,,,Yes,Yes,No,No,No,No,52,48
,,,,,Yes,No,No,Yes,No,No,47,53
,,,,,Yes,No,No,No,No,Yes,57,43
,,,,,No,No,Yes,No,No,No,72,28
,,,,,No,Yes,Yes,No,No,No,62,38
,,,,,No,No,Yes,Yes,No,No,57,43
,,,,,No,No,Yes,No,No,Yes,62,38
,,,,,No,No,No,No,Yes,No,62,38
,,,,,No,Yes,No,No,Yes,No,52,48
,,,,,No,No,No,Yes,Yes,No,47,53
,,,,,No,No,No,No,Yes,Yes,57,43
,,,,,No,Yes,No,No,No,No,47,53
,,,,,No,No,No,Yes,No,No,42,58
,,,,,No,No,No,No,No,Yes,42,58
,,,,,No,No,No,No,No,No,52,48
,,,,Long,Yes,No,No,No,No,No,77,23
,,,,,Yes,Yes,No,No,No,No,62,38
,,,,,Yes,No,No,Yes,No,No,57,43
,,,,,Yes,No,No,No,No,Yes,67,33
,,,,,No,No,Yes,No,No,No,82,18
,,,,,No,Yes,Yes,No,No,No,72,28
,,,,,No,No,Yes,Yes,No,No,67,33
,,,,,No,No,Yes,No,No,Yes,72,28
,,,,,No,No,No,No,Yes,No,72,28
,,,,,No,Yes,No,No,Yes,No,62,38
,,,,,No,No,No,Yes,Yes,No,57,43
,,,,,No,No,No,No,Yes,Yes,67,33
,,,,,No,Yes,No,No,No,No,57,43
,,,,,No,No,No,Yes,No,No,52,48
,,,,,No,No,No,No,No,Yes,52,48
,,,,,No,No,No,No,No,No,62,38
Florida,366,7,Landon,Garner,Yes,No,No,No,No,No,60,40
,,,,,Yes,Yes,No,No,No,No,45,55
,,,,,Yes,No,No,Yes,No,No,40,60
,,,,,Yes,No,No,No,No,Yes,50,50
,,,,,No,No,Yes,No,No,No,65,35
,,,,,No,Yes,Yes,No,No,No,55,45
,,,,,No,No,Yes,Yes,No,No,50,50
,,,,,No,No,Yes,No,No,Yes,55,45
,,,,,No,No,No,No,Yes,No,55,45
,,,,,No,Yes,No,No,Yes,No,45,55
,,,,,No,No,No,Yes,Yes,No,40,60
,,,,,No,No,No,No,Yes,Yes,50,50
,,,,,No,Yes,No,No,No,No,40,60
,,,,,No,No,No,Yes,No,No,35,65
,,,,,No,No,No,No,No,Yes,35,65
,,,,,No,No,No,No,No,No,45,55
,,,,Long,Yes,No,No,No,No,No,45,55
,,,,,Yes,Yes,No,No,No,No,30,70
,,,,,Yes,No,No,Yes,No,No,25,75
,,,,,Yes,No,No,No,No,Yes,35,65
,,,,,No,No,Yes,No,No,No,50,50
,,,,,No,Yes,Yes,No,No,No,40,60
,,,,,No,No,Yes,Yes,No,No,35,65
,,,,,No,No,Yes,No,No,Yes,40,60
,,,,,No,No,No,No,Yes,No,40,60
,,,,,No,Yes,No,No,Yes,No,30,70
,,,,,No,No,No,Yes,Yes,No,25,75
,,,,,No,No,No,No,Yes,Yes,35,65
,,,,,No,Yes,No,No,No,No,25,75
,,,,,No,No,No,Yes,No,No,20,80
,,,,,No,No,No,No,No,Yes,20,80
,,,,,No,No,No,No,No,No,30,70
,,,Roosevelt,Garner,Yes,No,No,No,No,No,67,33
,,,,,Yes,Yes,No,No,No,No,52,48
,,,,,Yes,No,No,Yes,No,No,47,53
,,,,,Yes,No,No,No,No,Yes,57,43
,,,,,No,No,Yes,No,No,No,72,28
,,,,,No,Yes,Yes,No,No,No,62,38
,,,,,No,No,Yes,Yes,No,No,57,43
,,,,,No,No,Yes,No,No,Yes,62,38
,,,,,No,No,No,No,Yes,No,62,38
,,,,,No,Yes,No,No,Yes,No,52,48
,,,,,No,No,No,Yes,Yes,No,47,53
,,,,,No,No,No,No,Yes,Yes,57,43
,,,,,No,Yes,No,No,No,No,47,53
,,,,,No,No,No,Yes,No,No,42,58
,,,,,No,No,No,No,No,Yes,42,58
,,,,,No,No,No,No,No,No,52,48
,,,,Long,Yes,No,No,No,No,No,77,23
,,,,,Yes,Yes,No,No,No,No,62,38
,,,,,Yes,No,No,Yes,No,No,57,43
,,,,,Yes,No,No,No,No,Yes,67,33
,,,,,No,No,Yes,No,No,No,82,18
,,,,,No,Yes,Yes,No,No,No,72,28
,,,,,No,No,Yes,Yes,No,No,67,33
,,,,,No,No,Yes,No,No,Yes,72,28
,,,,,No,No,No,No,Yes,No,72,28
,,,,,No,Yes,No,No,Yes,No,62,38
,,,,,No,No,No,Yes,Yes,No,57,43
,,,,,No,No,No,No,Yes,Yes,67,33
,,,,,No,Yes,No,No,No,No,57,43
,,,,,No,No,No,Yes,No,No,52,48
,,,,,No,No,No,No,No,Yes,52,48
,,,,,No,No,No,No,No,No,62,38
Kentucky,369,11,Landon,Garner,Yes,No,No,No,No,No,55,45
,,,,,Yes,Yes,No,No,No,No,40,60
,,,,,Yes,No,No,Yes,No,No,35,65
,,,,,Yes,No,No,No,No,Yes,45,55
,,,,,No,No,Yes,No,No,No,60,40
,,,,,No,Yes,Yes,No,No,No,50,50
,,,,,No,No,Yes,Yes,No,No,45,55
,,,,,No,No,Yes,No,No,Yes,50,50
,,,,,No,No,No,No,Yes,No,50,50
,,,,,No,Yes,No,No,Yes,No,40,60
,,,,,No,No,No,Yes,Yes,No,35,65
,,,,,No,No,No,No,Yes,Yes,45,55
,,,,,No,Yes,No,No,No,No,35,65
,,,,,No,No,No,Yes,No,No,30,70
,,,,,No,No,No,No,No,Yes,30,70
,,,,,No,No,No,No,No,No,40,60
,,,,Long,Yes,No,No,No,No,No,40,60
,,,,,Yes,Yes,No,No,No,No,25,75
,,,,,Yes,No,No,Yes,No,No,20,80
,,,,,Yes,No,No,No,No,Yes,30,70
,,,,,No,No,Yes,No,No,No,45,55
,,,,,No,Yes,Yes,No,No,No,35,65
,,,,,No,No,Yes,Yes,No,No,30,70
,,,,,No,No,Yes,No,No,Yes,35,65
,,,,,No,No,No,No,Yes,No,35,65
,,,,,No,Yes,No,No,Yes,No,25,75
,,,,,No,No,No,Yes,Yes,No,20,80
,,,,,No,No,No,No,Yes,Yes,30,70
,,,,,No,Yes,No,No,No,No,20,80
,,,,,No,No,No,Yes,No,No,15,85
,,,,,No,No,No,No,No,Yes,15,85
,,,,,No,No,No,No,No,No,25,75
,,,Roosevelt,Garner,Yes,No,No,No,No,No,62,38
,,,,,Yes,Yes,No,No,No,No,47,53
,,,,,Yes,No,No,Yes,No,No,42,58
,,,,,Yes,No,No,No,No,Yes,52,48
,,,,,No,No,Yes,No,No,No,67,33
,,,,,No,Yes,Yes,No,No,No,57,43
,,,,,No,No,Yes,Yes,No,No,52,48
,,,,,No,No,Yes,No,No,Yes,57,43
,,,,,No,No,No,No,Yes,No,57,43
,,,,,No,Yes,No,No,Yes,No,47,53
,,,,,No,No,No,Yes,Yes,No,42,58
,,,,,No,No,No,No,Yes,Yes,52,48
,,,,,No,Yes,No,No,No,No,42,58
,,,,,No,No,No,Yes,No,No,37,63
,,,,,No,No,No,No,No,Yes,37,63
,,,,,No,No,No,No,No,No,47,53
,,,,Long,Yes,No,No,No,No,No,72,28
,,,,,Yes,Yes,No,No,No,No,57,43
,,,,,Yes,No,No,Yes,No,No,52,48
,,,,,Yes,No,No,No,No,Yes,62,38
,,,,,No,No,Yes,No,No,No,77,23
,,,,,No,Yes,Yes,No,No,No,67,33
,,,,,No,No,Yes,Yes,No,No,62,38
,,,,,No,No,Yes,No,No,Yes,67,33
,,,,,No,No,No,No,Yes,No,67,33
,,,,,No,Yes,No,No,Yes,No,57,43
,,,,,No,No,No,Yes,Yes,No,52,48
,,,,,No,No,No,No,Yes,Yes,62,38
,,,,,No,Yes,No,No,No,No,52,48
,,,,,No,No,No,Yes,No,No,47,53
,,,,,No,No,No,No,No,Yes,47,53
,,,,,No,No,No,No,No,No,57,43
Virginia,362,11,Landon,Garner,Yes,No,No,No,No,No,65,35
,,,,,Yes,Yes,No,No,No,No,50,50
,,,,,Yes,No,No,Yes,No,No,45,55
,,,,,Yes,No,No,No,No,Yes,55,45
,,,,,No,No,Yes,No,No,No,70,30
,,,,,No,Yes,Yes,No,No,No,60,40
,,,,,No,No,Yes,Yes,No,No,55,45
,,,,,No,No,Yes,No,No,Yes,60,40
,,,,,No,No,No,No,Yes,No,60,40
,,,,,No,Yes,No,No,Yes,No,50,50
,,,,,No,No,No,Yes,Yes,No,45,55
,,,,,No,No,No,No,Yes,Yes,55,45
,,,,,No,Yes,No,No,No,No,45,55
,,,,,No,No,No,Yes,No,No,40,60
,,,,,No,No,No,No,No,Yes,40,60
,,,,,No,No,No,No,No,No,50,50
,,,,Long,Yes,No,No,No,No,No,50,50
,,,,,Yes,Yes,No,No,No,No,35,65
,,,,,Yes,No,No,Yes,No,No,30,70
,,,,,Yes,No,No,No,No,Yes,40,60
,,,,,No,No,Yes,No,No,No,55,45
,,,,,No,Yes,Yes,No,No,No,45,55
,,,,,No,No,Yes,Yes,No,No,40,60
,,,,,No,No,Yes,No,No,Yes,45,55
,,,,,No,No,No,No,Yes,No,45,55
,,,,,No,Yes,No,No,Yes,No,35,65
,,,,,No,No,No,Yes,Yes,No,30,70
,,,,,No,No,No,No,Yes,Yes,40,60
,,,,,No,Yes,No,No,No,No,30,70
,,,,,No,No,No,Yes,No,No,25,75
,,,,,No,No,No,No,No,Yes,25,75
,,,,,No,No,No,No,No,No,35,65
,,,Roosevelt,Garner,Yes,No,No,No,No,No,72,28
,,,,,Yes,Yes,No,No,No,No,57,43
,,,,,Yes,No,No,Yes,No,No,52,48
,,,,,Yes,No,No,No,No,Yes,62,38
,,,,,No,No,Yes,No,No,No,77,23
,,,,,No,Yes,Yes,No,No,No,67,33
,,,,,No,No,Yes,Yes,No,No,62,38
,,,,,No,No,Yes,No,No,Yes,67,33
,,,,,No,No,No,No,Yes,No,67,33
,,,,,No,Yes,No,No,Yes,No,57,43
,,,,,No,No,No,Yes,Yes,No,52,48
,,,,,No,No,No,No,Yes,Yes,62,38
,,,,,No,Yes,No,No,No,No,52,48
,,,,,No,No,No,Yes,No,No,47,53
,,,,,No,No,No,No,No,Yes,47,53
,,,,,No,No,No,No,No,No,57,43
,,,,Long,Yes,No,No,No,No,No,82,18
,,,,,Yes,Yes,No,No,No,No,67,33
,,,,,Yes,No,No,Yes,No,No,62,38
,,,,,Yes,No,No,No,No,Yes,72,28
,,,,,No,No,Yes,No,No,No,87,13
,,,,,No,Yes,Yes,No,No,No,77,23
,,,,,No,No,Yes,Yes,No,No,72,28
,,,,,No,No,Yes,No,No,Yes,77,23
,,,,,No,No,No,No,Yes,No,77,23
,,,,,No,Yes,No,No,Yes,No,67,33
,,,,,No,No,No,Yes,Yes,No,62,38
,,,,,No,No,No,No,Yes,Yes,72,28
,,,,,No,Yes,No,No,No,No,62,38
,,,,,No,No,No,Yes,No,No,57,43
,,,,,No,No,No,No,No,Yes,57,43
,,,,,No,No,No,No,No,No,67,33
Sum:,-,146,,,,,,,,,,
Maine,837;751,5,Landon,Garner,Yes,No,No,No,No,No,60,40
,,,,,Yes,Yes,No,No,No,No,50,50
,,,,,Yes,No,No,Yes,No,No,40,60
,,,,,Yes,No,No,No,No,Yes,45,55
,,,,,No,No,Yes,No,No,No,70,30
,,,,,No,Yes,Yes,No,No,No,60,40
,,,,,No,No,Yes,Yes,No,No,50,50
,,,,,No,No,Yes,No,No,Yes,55,45
,,,,,No,No,No,No,Yes,No,55,45
,,,,,No,Yes,No,No,Yes,No,50,50
,,,,,No,No,No,Yes,Yes,No,40,60
,,,,,No,No,No,No,Yes,Yes,50,50
,,,,,No,Yes,No,No,No,No,25,75
,,,,,No,No,No,Yes,No,No,20,80
,,,,,No,No,No,No,No,Yes,30,70
,,,,,No,No,No,No,No,No,40,60
,,,,Long,Yes,No,No,No,No,No,55,45
,,,,,Yes,Yes,No,No,No,No,45,55
,,,,,Yes,No,No,Yes,No,No,35,65
,,,,,Yes,No,No,No,No,Yes,40,60
,,,,,No,No,Yes,No,No,No,65,35
,,,,,No,Yes,Yes,No,No,No,55,45
,,,,,No,No,Yes,Yes,No,No,45,55
,,,,,No,No,Yes,No,No,Yes,50,50
,,,,,No,No,No,No,Yes,No,50,50
,,,,,No,Yes,No,No,Yes,No,45,55
,,,,,No,No,No,Yes,Yes,No,35,65
,,,,,No,No,No,No,Yes,Yes,45,55
,,,,,No,Yes,No,No,No,No,25,75
,,,,,No,No,No,Yes,No,No,20,80
,,,,,No,No,No,No,No,Yes,25,75
,,,,,No,No,No,No,No,No,45,55
,,,Roosevelt,Garner,Yes,No,No,No,No,No,65,35
,,,,,Yes,Yes,No,No,No,No,55,45
,,,,,Yes,No,No,Yes,No,No,45,55
,,,,,Yes,No,No,No,No,Yes,50,50
,,,,,No,No,Yes,No,No,No,75,25
,,,,,No,Yes,Yes,No,No,No,65,35
,,,,,No,No,Yes,Yes,No,No,55,45
,,,,,No,No,Yes,No,No,Yes,60,40
,,,,,No,No,No,No,Yes,No,60,40
,,,,,No,Yes,No,No,Yes,No,55,45
,,,,,No,No,No,Yes,Yes,No,45,55
,,,,,No,No,No,No,Yes,Yes,55,45
,,,,,No,Yes,No,No,No,No,35,65
,,,,,No,No,No,Yes,No,No,30,70
,,,,,No,No,No,No,No,Yes,35,65
,,,,,No,No,No,No,No,No,55,45
,,,,Long,Yes,No,No,No,No,No,60,40
,,,,,Yes,Yes,No,No,No,No,50,50
,,,,,Yes,No,No,Yes,No,No,40,60
,,,,,Yes,No,No,No,No,Yes,45,55
,,,,,No,No,Yes,No,No,No,70,30
,,,,,No,Yes,Yes,No,No,No,60,40
,,,,,No,No,Yes,Yes,No,No,50,50
,,,,,No,No,Yes,No,No,Yes,55,45
,,,,,No,No,No,No,Yes,No,55,45
,,,,,No,Yes,No,No,Yes,No,50,50
,,,,,No,No,No,Yes,Yes,No,40,60
,,,,,No,No,No,No,Yes,Yes,50,50
,,,,,No,Yes,No,No,No,No,30,70
,,,,,No,No,No,Yes,No,No,25,75
,,,,,No,No,No,No,No,Yes,30,70
,,,,,No,No,No,No,No,No,40,60
New Hampshire,840,4,Landon,Garner,Yes,No,No,No,No,No,69,31
,,,,,Yes,Yes,No,No,No,No,59,41
,,,,,Yes,No,No,Yes,No,No,49,51
,,,,,Yes,No,No,No,No,Yes,54,46
,,,,,No,No,Yes,No,No,No,79,21
,,,,,No,Yes,Yes,No,No,No,69,31
,,,,,No,No,Yes,Yes,No,No,59,41
,,,,,No,No,Yes,No,No,Yes,64,36
,,,,,No,No,No,No,Yes,No,64,36
,,,,,No,Yes,No,No,Yes,No,59,41
,,,,,No,No,No,Yes,Yes,No,49,51
,,,,,No,No,No,No,Yes,Yes,59,41
,,,,,No,Yes,No,No,No,No,39,61
,,,,,No,No,No,Yes,No,No,34,66
,,,,,No,No,No,No,No,Yes,39,61
,,,,,No,No,No,No,No,No,59,41
,,,,Long,Yes,No,No,No,No,No,64,36
,,,,,Yes,Yes,No,No,No,No,54,46
,,,,,Yes,No,No,Yes,No,No,44,56
,,,,,Yes,No,No,No,No,Yes,49,51
,,,,,No,No,Yes,No,No,No,74,26
,,,,,No,Yes,Yes,No,No,No,64,36
,,,,,No,No,Yes,Yes,No,No,54,46
,,,,,No,No,Yes,No,No,Yes,59,41
,,,,,No,No,No,No,Yes,No,59,41
,,,,,No,Yes,No,No,Yes,No,54,46
,,,,,No,No,No,Yes,Yes,No,44,56
,,,,,No,No,No,No,Yes,Yes,54,46
,,,,,No,Yes,No,No,No,No,34,66
,,,,,No,No,No,Yes,No,No,29,71
,,,,,No,No,No,No,No,Yes,34,66
,,,,,No,No,No,No,No,No,54,46
,,,Roosevelt,Garner,Yes,No,No,No,No,No,74,26
,,,,,Yes,Yes,No,No,No,No,64,36
,,,,,Yes,No,No,Yes,No,No,54,46
,,,,,Yes,No,No,No,No,Yes,59,41
,,,,,No,No,Yes,No,No,No,84,16
,,,,,No,Yes,Yes,No,No,No,74,26
,,,,,No,No,Yes,Yes,No,No,64,36
,,,,,No,No,Yes,No,No,Yes,69,31
,,,,,No,No,No,No,Yes,No,69,31
,,,,,No,Yes,No,No,Yes,No,64,36
,,,,,No,No,No,Yes,Yes,No,54,46
,,,,,No,No,No,No,Yes,Yes,64,36
,,,,,No,Yes,No,No,No,No,44,56
,,,,,No,No,No,Yes,No,No,39,61
,,,,,No,No,No,No,No,Yes,44,56
,,,,,No,No,No,No,No,No,64,36
,,,,Long,Yes,No,No,No,No,No,69,31
,,,,,Yes,Yes,No,No,No,No,59,41
,,,,,Yes,No,No,Yes,No,No,49,51
,,,,,Yes,No,No,No,No,Yes,54,46
,,,,,No,No,Yes,No,No,No,79,21
,,,,,No,Yes,Yes,No,No,No,69,31
,,,,,No,No,Yes,Yes,No,No,59,41
,,,,,No,No,Yes,No,No,Yes,64,36
,,,,,No,No,No,No,Yes,No,64,36
,,,,,No,Yes,No,No,Yes,No,59,41
,,,,,No,No,No,Yes,Yes,No,49,51
,,,,,No,No,No,No,Yes,Yes,59,41
,,,,,No,Yes,No,No,No,No,39,61
,,,,,No,No,No,Yes,No,No,34,66
,,,,,No,No,No,No,No,Yes,39,61
,,,,,No,No,No,No,No,No,49,51
Vermont,841,3,Landon,Garner,Yes,No,No,No,No,No,65,35
,,,,,Yes,Yes,No,No,No,No,55,45
,,,,,Yes,No,No,Yes,No,No,45,55
,,,,,Yes,No,No,No,No,Yes,50,50
,,,,,No,No,Yes,No,No,No,75,25
,,,,,No,Yes,Yes,No,No,No,65,35
,,,,,No,No,Yes,Yes,No,No,55,45
,,,,,No,No,Yes,No,No,Yes,60,40
,,,,,No,No,No,No,Yes,No,60,40
,,,,,No,Yes,No,No,Yes,No,55,45
,,,,,No,No,No,Yes,Yes,No,45,55
,,,,,No,No,No,No,Yes,Yes,55,45
,,,,,No,Yes,No,No,No,No,35,65
,,,,,No,No,No,Yes,No,No,30,70
,,,,,No,No,No,No,No,Yes,35,65
,,,,,No,No,No,No,No,No,55,45
,,,,Long,Yes,No,No,No,No,No,60,40
,,,,,Yes,Yes,No,No,No,No,50,50
,,,,,Yes,No,No,Yes,No,No,40,60
,,,,,Yes,No,No,No,No,Yes,45,55
,,,,,No,No,Yes,No,No,No,70,30
,,,,,No,Yes,Yes,No,No,No,60,40
,,,,,No,No,Yes,Yes,No,No,50,50
,,,,,No,No,Yes,No,No,Yes,55,45
,,,,,No,No,No,No,Yes,No,55,45
,,,,,No,Yes,No,No,Yes,No,50,50
,,,,,No,No,No,Yes,Yes,No,40,60
,,,,,No,No,No,No,Yes,Yes,50,50
,,,,,No,Yes,No,No,No,No,30,70
,,,,,No,No,No,Yes,No,No,25,75
,,,,,No,No,No,No,No,Yes,30,70
,,,,,No,No,No,No,No,No,50,50
,,,Roosevelt,Garner,Yes,No,No,No,No,No,70,30
,,,,,Yes,Yes,No,No,No,No,60,40
,,,,,Yes,No,No,Yes,No,No,50,50
,,,,,Yes,No,No,No,No,Yes,55,45
,,,,,No,No,Yes,No,No,No,80,20
,,,,,No,Yes,Yes,No,No,No,70,30
,,,,,No,No,Yes,Yes,No,No,60,40
,,,,,No,No,Yes,No,No,Yes,65,35
,,,,,No,No,No,No,Yes,No,65,35
,,,,,No,Yes,No,No,Yes,No,60,40
,,,,,No,No,No,Yes,Yes,No,50,50
,,,,,No,No,No,No,Yes,Yes,60,40
,,,,,No,Yes,No,No,No,No,40,60
,,,,,No,No,No,Yes,No,No,35,65
,,,,,No,No,No,No,No,Yes,40,60
,,,,,No,No,No,No,No,No,60,40
,,,,Long,Yes,No,No,No,No,No,65,35
,,,,,Yes,Yes,No,No,No,No,55,45
,,,,,Yes,No,No,Yes,No,No,45,55
,,,,,Yes,No,No,No,No,Yes,50,50
,,,,,No,No,Yes,No,No,No,75,25
,,,,,No,Yes,Yes,No,No,No,65,35
,,,,,No,No,Yes,Yes,No,No,55,45
,,,,,No,No,Yes,No,No,Yes,60,40
,,,,,No,No,No,No,Yes,No,60,40
,,,,,No,Yes,No,No,Yes,No,55,45
,,,,,No,No,No,Yes,Yes,No,45,55
,,,,,No,No,No,No,Yes,Yes,55,45
,,,,,No,Yes,No,No,No,No,35,65
,,,,,No,No,No,Yes,No,No,30,70
,,,,,No,No,No,No,No,Yes,35,65
,,,,,No,No,No,No,No,No,45,55
Massachusetts,357,17,Landon,Garner,Yes,No,No,No,No,No,72,28
,,,,,Yes,Yes,No,No,No,No,62,38
,,,,,Yes,No,No,Yes,No,No,52,48
,,,,,Yes,No,No,No,No,Yes,57,43
,,,,,No,No,Yes,No,No,No,82,18
,,,,,No,Yes,Yes,No,No,No,72,28
,,,,,No,No,Yes,Yes,No,No,62,38
,,,,,No,No,Yes,No,No,Yes,67,33
,,,,,No,No,No,No,Yes,No,67,33
,,,,,No,Yes,No,No,Yes,No,62,38
,,,,,No,No,No,Yes,Yes,No,52,48
,,,,,No,No,No,No,Yes,Yes,62,38
,,,,,No,Yes,No,No,No,No,42,58
,,,,,No,No,No,Yes,No,No,37,63
,,,,,No,No,No,No,No,Yes,42,58
,,,,,No,No,No,No,No,No,62,38
,,,,Long,Yes,No,No,No,No,No,67,33
,,,,,Yes,Yes,No,No,No,No,57,43
,,,,,Yes,No,No,Yes,No,No,47,53
,,,,,Yes,No,No,No,No,Yes,52,48
,,,,,No,No,Yes,No,No,No,77,23
,,,,,No,Yes,Yes,No,No,No,67,33
,,,,,No,No,Yes,Yes,No,No,57,43
,,,,,No,No,Yes,No,No,Yes,62,38
,,,,,No,No,No,No,Yes,No,62,38
,,,,,No,Yes,No,No,Yes,No,57,43
,,,,,No,No,No,Yes,Yes,No,47,53
,,,,,No,No,No,No,Yes,Yes,57,43
,,,,,No,Yes,No,No,No,No,37,63
,,,,,No,No,No,Yes,No,No,32,68
,,,,,No,No,No,No,No,Yes,37,63
,,,,,No,No,No,No,No,No,57,43
,,,Roosevelt,Garner,Yes,No,No,No,No,No,77,23
,,,,,Yes,Yes,No,No,No,No,67,33
,,,,,Yes,No,No,Yes,No,No,57,43
,,,,,Yes,No,No,No,No,Yes,62,38
,,,,,No,No,Yes,No,No,No,87,13
,,,,,No,Yes,Yes,No,No,No,77,23
,,,,,No,No,Yes,Yes,No,No,67,33
,,,,,No,No,Yes,No,No,Yes,72,28
,,,,,No,No,No,No,Yes,No,72,28
,,,,,No,Yes,No,No,Yes,No,67,33
,,,,,No,No,No,Yes,Yes,No,57,43
,,,,,No,No,No,No,Yes,Yes,67,33
,,,,,No,Yes,No,No,No,No,47,53
,,,,,No,No,No,Yes,No,No,42,58
,,,,,No,No,No,No,No,Yes,47,53
,,,,,No,No,No,No,No,No,67,33
,,,,Long,Yes,No,No,No,No,No,72,28
,,,,,Yes,Yes,No,No,No,No,62,38
,,,,,Yes,No,No,Yes,No,No,52,48
,,,,,Yes,No,No,No,No,Yes,57,43
,,,,,No,No,Yes,No,No,No,82,18
,,,,,No,Yes,Yes,No,No,No,72,28
,,,,,No,No,Yes,Yes,No,No,62,38
,,,,,No,No,Yes,No,No,Yes,67,33
,,,,,No,No,No,No,Yes,No,67,33
,,,,,No,Yes,No,No,Yes,No,62,38
,,,,,No,No,No,Yes,Yes,No,52,48
,,,,,No,No,No,No,Yes,Yes,62,38
,,,,,No,Yes,No,No,No,No,42,58
,,,,,No,No,No,Yes,No,No,37,63
,,,,,No,No,No,No,No,Yes,42,58
,,,,,No,No,No,No,No,No,52,48
Rhode Island,838,4,Landon,Garner,Yes,No,No,No,No,No,70,30
,,,,,Yes,Yes,No,No,No,No,60,40
,,,,,Yes,No,No,Yes,No,No,50,50
,,,,,Yes,No,No,No,No,Yes,55,45
,,,,,No,No,Yes,No,No,No,80,20
,,,,,No,Yes,Yes,No,No,No,70,30
,,,,,No,No,Yes,Yes,No,No,60,40
,,,,,No,No,Yes,No,No,Yes,65,35
,,,,,No,No,No,No,Yes,No,65,35
,,,,,No,Yes,No,No,Yes,No,60,40
,,,,,No,No,No,Yes,Yes,No,50,50
,,,,,No,No,No,No,Yes,Yes,60,40
,,,,,No,Yes,No,No,No,No,40,60
,,,,,No,No,No,Yes,No,No,35,65
,,,,,No,No,No,No,No,Yes,40,60
,,,,,No,No,No,No,No,No,60,40
,,,,Long,Yes,No,No,No,No,No,65,35
,,,,,Yes,Yes,No,No,No,No,55,45
,,,,,Yes,No,No,Yes,No,No,45,55
,,,,,Yes,No,No,No,No,Yes,50,50
,,,,,No,No,Yes,No,No,No,75,25
,,,,,No,Yes,Yes,No,No,No,65,35
,,,,,No,No,Yes,Yes,No,No,55,45
,,,,,No,No,Yes,No,No,Yes,60,40
,,,,,No,No,No,No,Yes,No,60,40
,,,,,No,Yes,No,No,Yes,No,55,45
,,,,,No,No,No,Yes,Yes,No,45,55
,,,,,No,No,No,No,Yes,Yes,55,45
,,,,,No,Yes,No,No,No,No,35,65
,,,,,No,No,No,Yes,No,No,30,70
,,,,,No,No,No,No,No,Yes,35,65
,,,,,No,No,No,No,No,No,55,45
,,,Roosevelt,Garner,Yes,No,No,No,No,No,75,25
,,,,,Yes,Yes,No,No,No,No,65,35
,,,,,Yes,No,No,Yes,No,No,55,45
,,,,,Yes,No,No,No,No,Yes,60,40
,,,,,No,No,Yes,No,No,No,85,15
,,,,,No,Yes,Yes,No,No,No,75,25
,,,,,No,No,Yes,Yes,No,No,65,35
,,,,,No,No,Yes,No,No,Yes,70,30
,,,,,No,No,No,No,Yes,No,70,30
,,,,,No,Yes,No,No,Yes,No,65,35
,,,,,No,No,No,Yes,Yes,No,55,45
,,,,,No,No,No,No,Yes,Yes,65,35
,,,,,No,Yes,No,No,No,No,45,55
,,,,,No,No,No,Yes,No,No,40,60
,,,,,No,No,No,No,No,Yes,45,55
,,,,,No,No,No,No,No,No,65,35
,,,,Long,Yes,No,No,No,No,No,70,30
,,,,,Yes,Yes,No,No,No,No,60,40
,,,,,Yes,No,No,Yes,No,No,50,50
,,,,,Yes,No,No,No,No,Yes,55,45
,,,,,No,No,Yes,No,No,No,80,20
,,,,,No,Yes,Yes,No,No,No,70,30
,,,,,No,No,Yes,Yes,No,No,60,40
,,,,,No,No,Yes,No,No,Yes,65,35
,,,,,No,No,No,No,Yes,No,65,35
,,,,,No,Yes,No,No,Yes,No,60,40
,,,,,No,No,No,Yes,Yes,No,50,50
,,,,,No,No,No,No,Yes,Yes,60,40
,,,,,No,Yes,No,No,No,No,40,60
,,,,,No,No,No,Yes,No,No,35,65
,,,,,No,No,No,No,No,Yes,40,60
,,,,,No,No,No,No,No,No,50,50
Connecticut,839,8,Landon,Garner,Yes,No,No,No,No,No,73,27
,,,,,Yes,Yes,No,No,No,No,63,37
,,,,,Yes,No,No,Yes,No,No,53,47
,,,,,Yes,No,No,No,No,Yes,58,42
,,,,,No,No,Yes,No,No,No,83,17
,,,,,No,Yes,Yes,No,No,No,73,27
,,,,,No,No,Yes,Yes,No,No,63,37
,,,,,No,No,Yes,No,No,Yes,68,32
,,,,,No,No,No,No,Yes,No,68,32
,,,,,No,Yes,No,No,Yes,No,63,37
,,,,,No,No,No,Yes,Yes,No,53,47
,,,,,No,No,No,No,Yes,Yes,63,37
,,,,,No,Yes,No,No,No,No,43,57
,,,,,No,No,No,Yes,No,No,38,62
,,,,,No,No,No,No,No,Yes,43,57
,,,,,No,No,No,No,No,No,63,37
,,,,Long,Yes,No,No,No,No,No,68,32
,,,,,Yes,Yes,No,No,No,No,58,42
,,,,,Yes,No,No,Yes,No,No,48,52
,,,,,Yes,No,No,No,No,Yes,53,47
,,,,,No,No,Yes,No,No,No,78,22
,,,,,No,Yes,Yes,No,No,No,68,32
,,,,,No,No,Yes,Yes,No,No,58,42
,,,,,No,No,Yes,No,No,Yes,63,37
,,,,,No,No,No,No,Yes,No,63,37
,,,,,No,Yes,No,No,Yes,No,58,42
,,,,,No,No,No,Yes,Yes,No,48,52
,,,,,No,No,No,No,Yes,Yes,58,42
,,,,,No,Yes,No,No,No,No,38,62
,,,,,No,No,No,Yes,No,No,33,67
,,,,,No,No,No,No,No,Yes,38,62
,,,,,No,No,No,No,No,No,58,42
,,,Roosevelt,Garner,Yes,No,No,No,No,No,78,22
,,,,,Yes,Yes,No,No,No,No,68,32
,,,,,Yes,No,No,Yes,No,No,58,42
,,,,,Yes,No,No,No,No,Yes,63,37
,,,,,No,No,Yes,No,No,No,88,12
,,,,,No,Yes,Yes,No,No,No,78,22
,,,,,No,No,Yes,Yes,No,No,68,32
,,,,,No,No,Yes,No,No,Yes,73,27
,,,,,No,No,No,No,Yes,No,73,27
,,,,,No,Yes,No,No,Yes,No,68,32
,,,,,No,No,No,Yes,Yes,No,58,42
,,,,,No,No,No,No,Yes,Yes,68,32
,,,,,No,Yes,No,No,No,No,48,52
,,,,,No,No,No,Yes,No,No,43,57
,,,,,No,No,No,No,No,Yes,48,52
,,,,,No,No,No,No,No,No,68,32
,,,,Long,Yes,No,No,No,No,No,73,27
,,,,,Yes,Yes,No,No,No,No,63,37
,,,,,Yes,No,No,Yes,No,No,53,47
,,,,,Yes,No,No,No,No,Yes,58,42
,,,,,No,No,Yes,No,No,No,83,17
,,,,,No,Yes,Yes,No,No,No,73,27
,,,,,No,No,Yes,Yes,No,No,63,37
,,,,,No,No,Yes,No,No,Yes,68,32
,,,,,No,No,No,No,Yes,No,68,32
,,,,,No,Yes,No,No,Yes,No,63,37
,,,,,No,No,No,Yes,Yes,No,53,47
,,,,,No,No,No,No,Yes,Yes,63,37
,,,,,No,Yes,No,No,No,No,43,57
,,,,,No,No,No,Yes,No,No,38,62
,,,,,No,No,No,No,No,Yes,43,57
,,,,,No,No,No,No,No,No,53,47
New Jersey,359,16,Landon,Garner,Yes,No,No,No,No,No,78,22
,,,,,Yes,Yes,No,No,No,No,68,32
,,,,,Yes,No,No,Yes,No,No,58,42
,,,,,Yes,No,No,No,No,Yes,63,37
,,,,,No,No,Yes,No,No,No,88,12
,,,,,No,Yes,Yes,No,No,No,78,22
,,,,,No,No,Yes,Yes,No,No,68,32
,,,,,No,No,Yes,No,No,Yes,73,27
,,,,,No,No,No,No,Yes,No,73,27
,,,,,No,Yes,No,No,Yes,No,68,32
,,,,,No,No,No,Yes,Yes,No,58,42
,,,,,No,No,No,No,Yes,Yes,68,32
,,,,,No,Yes,No,No,No,No,48,52
,,,,,No,No,No,Yes,No,No,43,57
,,,,,No,No,No,No,No,Yes,48,52
,,,,,No,No,No,No,No,No,68,32
,,,,Long,Yes,No,No,No,No,No,73,27
,,,,,Yes,Yes,No,No,No,No,63,37
,,,,,Yes,No,No,Yes,No,No,53,47
,,,,,Yes,No,No,No,No,Yes,58,42
,,,,,No,No,Yes,No,No,No,83,17
,,,,,No,Yes,Yes,No,No,No,73,27
,,,,,No,No,Yes,Yes,No,No,63,37
,,,,,No,No,Yes,No,No,Yes,68,32
,,,,,No,No,No,No,Yes,No,68,32
,,,,,No,Yes,No,No,Yes,No,63,37
,,,,,No,No,No,Yes,Yes,No,53,47
,,,,,No,No,No,No,Yes,Yes,63,37
,,,,,No,Yes,No,No,No,No,43,57
,,,,,No,No,No,Yes,No,No,38,62
,,,,,No,No,No,No,No,Yes,43,57
,,,,,No,No,No,No,No,No,63,37
,,,Roosevelt,Garner,Yes,No,No,No,No,No,83,17
,,,,,Yes,Yes,No,No,No,No,73,27
,,,,,Yes,No,No,Yes,No,No,63,37
,,,,,Yes,No,No,No,No,Yes,68,32
,,,,,No,No,Yes,No,No,No,93,7
,,,,,No,Yes,Yes,No,No,No,83,17
,,,,,No,No,Yes,Yes,No,No,73,27
,,,,,No,No,Yes,No,No,Yes,78,22
,,,,,No,No,No,No,Yes,No,78,22
,,,,,No,Yes,No,No,Yes,No,73,27
,,,,,No,No,No,Yes,Yes,No,63,37
,,,,,No,No,No,No,Yes,Yes,73,27
,,,,,No,Yes,No,No,No,No,53,47
,,,,,No,No,No,Yes,No,No,48,52
,,,,,No,No,No,No,No,Yes,53,47
,,,,,No,No,No,No,No,No,73,27
,,,,Long,Yes,No,No,No,No,No,78,22
,,,,,Yes,Yes,No,No,No,No,68,32
,,,,,Yes,No,No,Yes,No,No,58,42
,,,,,Yes,No,No,No,No,Yes,63,37
,,,,,No,No,Yes,No,No,No,88,12
,,,,,No,Yes,Yes,No,No,No,78,22
,,,,,No,No,Yes,Yes,No,No,68,32
,,,,,No,No,Yes,No,No,Yes,73,27
,,,,,No,No,No,No,Yes,No,73,27
,,,,,No,Yes,No,No,Yes,No,68,32
,,,,,No,No,No,Yes,Yes,No,58,42
,,,,,No,No,No,No,Yes,Yes,68,32
,,,,,No,Yes,No,No,No,No,48,52
,,,,,No,No,No,Yes,No,No,43,57
,,,,,No,No,No,No,No,Yes,48,52
,,,,,No,No,No,No,No,No,58,42
Delaware,842,3,Landon,Garner,Yes,No,No,No,No,No,73,27
,,,,,Yes,Yes,No,No,No,No,63,37
,,,,,Yes,No,No,Yes,No,No,53,47
,,,,,Yes,No,No,No,No,Yes,58,42
,,,,,No,No,Yes,No,No,No,83,17
,,,,,No,Yes,Yes,No,No,No,73,27
,,,,,No,No,Yes,Yes,No,No,63,37
,,,,,No,No,Yes,No,No,Yes,68,32
,,,,,No,No,No,No,Yes,No,68,32
,,,,,No,Yes,No,No,Yes,No,63,37
,,,,,No,No,No,Yes,Yes,No,53,47
,,,,,No,No,No,No,Yes,Yes,63,37
,,,,,No,Yes,No,No,No,No,43,57
,,,,,No,No,No,Yes,No,No,38,62
,,,,,No,No,No,No,No,Yes,43,57
,,,,,No,No,No,No,No,No,63,37
,,,,Long,Yes,No,No,No,No,No,68,32
,,,,,Yes,Yes,No,No,No,No,58,42
,,,,,Yes,No,No,Yes,No,No,48,52
,,,,,Yes,No,No,No,No,Yes,53,47
,,,,,No,No,Yes,No,No,No,78,22
,,,,,No,Yes,Yes,No,No,No,68,32
,,,,,No,No,Yes,Yes,No,No,58,42
,,,,,No,No,Yes,No,No,Yes,63,37
,,,,,No,No,No,No,Yes,No,63,37
,,,,,No,Yes,No,No,Yes,No,58,42
,,,,,No,No,No,Yes,Yes,No,48,52
,,,,,No,No,No,No,Yes,Yes,58,42
,,,,,No,Yes,No,No,No,No,38,62
,,,,,No,No,No,Yes,No,No,33,67
,,,,,No,No,No,No,No,Yes,38,62
,,,,,No,No,No,No,No,No,58,42
,,,Roosevelt,Garner,Yes,No,No,No,No,No,78,22
,,,,,Yes,Yes,No,No,No,No,68,32
,,,,,Yes,No,No,Yes,No,No,58,42
,,,,,Yes,No,No,No,No,Yes,63,37
,,,,,No,No,Yes,No,No,No,88,12
,,,,,No,Yes,Yes,No,No,No,78,22
,,,,,No,No,Yes,Yes,No,No,68,32
,,,,,No,No,Yes,No,No,Yes,73,27
,,,,,No,No,No,No,Yes,No,73,27
,,,,,No,Yes,No,No,Yes,No,68,32
,,,,,No,No,No,Yes,Yes,No,58,42
,,,,,No,No,No,No,Yes,Yes,68,32
,,,,,No,Yes,No,No,No,No,48,52
,,,,,No,No,No,Yes,No,No,43,57
,,,,,No,No,No,No,No,Yes,48,52
,,,,,No,No,No,No,No,No,68,32
,,,,Long,Yes,No,No,No,No,No,73,27
,,,,,Yes,Yes,No,No,No,No,63,37
,,,,,Yes,No,No,Yes,No,No,53,47
,,,,,Yes,No,No,No,No,Yes,58,42
,,,,,No,No,Yes,No,No,No,83,17
,,,,,No,Yes,Yes,No,No,No,73,27
,,,,,No,No,Yes,Yes,No,No,63,37
,,,,,No,No,Yes,No,No,Yes,68,32
,,,,,No,No,No,No,Yes,No,68,32
,,,,,No,Yes,No,No,Yes,No,63,37
,,,,,No,No,No,Yes,Yes,No,53,47
,,,,,No,No,No,No,Yes,Yes,63,37
,,,,,No,Yes,No,No,No,No,43,57
,,,,,No,No,No,Yes,No,No,38,62
,,,,,No,No,No,No,No,Yes,43,57
,,,,,No,No,No,No,No,No,53,47
Maryland ,361,8,Landon,Garner,Yes,No,No,No,No,No,75,25
,,,,,Yes,Yes,No,No,No,No,65,35
,,,,,Yes,No,No,Yes,No,No,55,45
,,,,,Yes,No,No,No,No,Yes,60,40
,,,,,No,No,Yes,No,No,No,85,15
,,,,,No,Yes,Yes,No,No,No,75,25
,,,,,No,No,Yes,Yes,No,No,65,35
,,,,,No,No,Yes,No,No,Yes,70,30
,,,,,No,No,No,No,Yes,No,70,30
,,,,,No,Yes,No,No,Yes,No,65,35
,,,,,No,No,No,Yes,Yes,No,55,45
,,,,,No,No,No,No,Yes,Yes,65,35
,,,,,No,Yes,No,No,No,No,45,55
,,,,,No,No,No,Yes,No,No,40,60
,,,,,No,No,No,No,No,Yes,45,55
,,,,,No,No,No,No,No,No,65,35
,,,,Long,Yes,No,No,No,No,No,70,30
,,,,,Yes,Yes,No,No,No,No,60,40
,,,,,Yes,No,No,Yes,No,No,50,50
,,,,,Yes,No,No,No,No,Yes,55,45
,,,,,No,No,Yes,No,No,No,80,20
,,,,,No,Yes,Yes,No,No,No,70,30
,,,,,No,No,Yes,Yes,No,No,60,40
,,,,,No,No,Yes,No,No,Yes,65,35
,,,,,No,No,No,No,Yes,No,65,35
,,,,,No,Yes,No,No,Yes,No,60,40
,,,,,No,No,No,Yes,Yes,No,50,50
,,,,,No,No,No,No,Yes,Yes,60,40
,,,,,No,Yes,No,No,No,No,40,60
,,,,,No,No,No,Yes,No,No,35,65
,,,,,No,No,No,No,No,Yes,40,60
,,,,,No,No,No,No,No,No,60,40
,,,Roosevelt,Garner,Yes,No,No,No,No,No,80,20
,,,,,Yes,Yes,No,No,No,No,70,30
,,,,,Yes,No,No,Yes,No,No,60,40
,,,,,Yes,No,No,No,No,Yes,65,35
,,,,,No,No,Yes,No,No,No,90,10
,,,,,No,Yes,Yes,No,No,No,80,20
,,,,,No,No,Yes,Yes,No,No,70,30
,,,,,No,No,Yes,No,No,Yes,75,25
,,,,,No,No,No,No,Yes,No,75,25
,,,,,No,Yes,No,No,Yes,No,70,30
,,,,,No,No,No,Yes,Yes,No,60,40
,,,,,No,No,No,No,Yes,Yes,70,30
,,,,,No,Yes,No,No,No,No,50,50
,,,,,No,No,No,Yes,No,No,45,55
,,,,,No,No,No,No,No,Yes,50,50
,,,,,No,No,No,No,No,No,70,30
,,,,Long,Yes,No,No,No,No,No,75,25
,,,,,Yes,Yes,No,No,No,No,65,35
,,,,,Yes,No,No,Yes,No,No,55,45
,,,,,Yes,No,No,No,No,Yes,60,40
,,,,,No,No,Yes,No,No,No,85,15
,,,,,No,Yes,Yes,No,No,No,75,25
,,,,,No,No,Yes,Yes,No,No,65,35
,,,,,No,No,Yes,No,No,Yes,70,30
,,,,,No,No,No,No,Yes,No,70,30
,,,,,No,Yes,No,No,Yes,No,65,35
,,,,,No,No,No,Yes,Yes,No,55,45
,,,,,No,No,No,No,Yes,Yes,65,35
,,,,,No,Yes,No,No,No,No,45,55
,,,,,No,No,No,Yes,No,No,40,60
,,,,,No,No,No,No,No,Yes,45,55
,,,,,No,No,No,No,No,No,55,45
West Virginia,843,8,Landon,Garner,Yes,No,No,No,No,No,73,27
,,,,,Yes,Yes,No,No,No,No,63,37
,,,,,Yes,No,No,Yes,No,No,53,47
,,,,,Yes,No,No,No,No,Yes,58,42
,,,,,No,No,Yes,No,No,No,83,17
,,,,,No,Yes,Yes,No,No,No,73,27
,,,,,No,No,Yes,Yes,No,No,63,37
,,,,,No,No,Yes,No,No,Yes,68,32
,,,,,No,No,No,No,Yes,No,68,32
,,,,,No,Yes,No,No,Yes,No,63,37
,,,,,No,No,No,Yes,Yes,No,53,47
,,,,,No,No,No,No,Yes,Yes,63,37
,,,,,No,Yes,No,No,No,No,43,57
,,,,,No,No,No,Yes,No,No,38,62
,,,,,No,No,No,No,No,Yes,43,57
,,,,,No,No,No,No,No,No,63,37
,,,,Long,Yes,No,No,No,No,No,68,32
,,,,,Yes,Yes,No,No,No,No,58,42
,,,,,Yes,No,No,Yes,No,No,48,52
,,,,,Yes,No,No,No,No,Yes,53,47
,,,,,No,No,Yes,No,No,No,78,22
,,,,,No,Yes,Yes,No,No,No,68,32
,,,,,No,No,Yes,Yes,No,No,58,42
,,,,,No,No,Yes,No,No,Yes,63,37
,,,,,No,No,No,No,Yes,No,63,37
,,,,,No,Yes,No,No,Yes,No,58,42
,,,,,No,No,No,Yes,Yes,No,48,52
,,,,,No,No,No,No,Yes,Yes,58,42
,,,,,No,Yes,No,No,No,No,38,62
,,,,,No,No,No,Yes,No,No,33,67
,,,,,No,No,No,No,No,Yes,38,62
,,,,,No,No,No,No,No,No,58,42
,,,Roosevelt,Garner,Yes,No,No,No,No,No,78,22
,,,,,Yes,Yes,No,No,No,No,68,32
,,,,,Yes,No,No,Yes,No,No,58,42
,,,,,Yes,No,No,No,No,Yes,63,37
,,,,,No,No,Yes,No,No,No,88,12
,,,,,No,Yes,Yes,No,No,No,78,22
,,,,,No,No,Yes,Yes,No,No,68,32
,,,,,No,No,Yes,No,No,Yes,73,27
,,,,,No,No,No,No,Yes,No,73,27
,,,,,No,Yes,No,No,Yes,No,68,32
,,,,,No,No,No,Yes,Yes,No,58,42
,,,,,No,No,No,No,Yes,Yes,68,32
,,,,,No,Yes,No,No,No,No,48,52
,,,,,No,No,No,Yes,No,No,43,57
,,,,,No,No,No,No,No,Yes,48,52
,,,,,No,No,No,No,No,No,68,32
,,,,Long,Yes,No,No,No,No,No,73,27
,,,,,Yes,Yes,No,No,No,No,63,37
,,,,,Yes,No,No,Yes,No,No,53,47
,,,,,Yes,No,No,No,No,Yes,58,42
,,,,,No,No,Yes,No,No,No,83,17
,,,,,No,Yes,Yes,No,No,No,73,27
,,,,,No,No,Yes,Yes,No,No,63,37
,,,,,No,No,Yes,No,No,Yes,68,32
,,,,,No,No,No,No,Yes,No,68,32
,,,,,No,Yes,No,No,Yes,No,63,37
,,,,,No,No,No,Yes,Yes,No,53,47
,,,,,No,No,No,No,Yes,Yes,63,37
,,,,,No,Yes,No,No,No,No,43,57
,,,,,No,No,No,Yes,No,No,38,62
,,,,,No,No,No,No,No,Yes,43,57
,,,,,No,No,No,No,No,No,53,47
Pennsylvania,360,36,Landon,Garner,Yes,No,No,No,No,No,70,30
,,,,,Yes,Yes,No,No,No,No,60,40
,,,,,Yes,No,No,Yes,No,No,50,50
,,,,,Yes,No,No,No,No,Yes,55,45
,,,,,No,No,Yes,No,No,No,80,20
,,,,,No,Yes,Yes,No,No,No,70,30
,,,,,No,No,Yes,Yes,No,No,60,40
,,,,,No,No,Yes,No,No,Yes,65,35
,,,,,No,No,No,No,Yes,No,65,35
,,,,,No,Yes,No,No,Yes,No,60,40
,,,,,No,No,No,Yes,Yes,No,50,50
,,,,,No,No,No,No,Yes,Yes,60,40
,,,,,No,Yes,No,No,No,No,40,60
,,,,,No,No,No,Yes,No,No,35,65
,,,,,No,No,No,No,No,Yes,40,60
,,,,,No,No,No,No,No,No,60,40
,,,,Long,Yes,No,No,No,No,No,65,35
,,,,,Yes,Yes,No,No,No,No,55,45
,,,,,Yes,No,No,Yes,No,No,45,55
,,,,,Yes,No,No,No,No,Yes,50,50
,,,,,No,No,Yes,No,No,No,75,25
,,,,,No,Yes,Yes,No,No,No,65,35
,,,,,No,No,Yes,Yes,No,No,55,45
,,,,,No,No,Yes,No,No,Yes,60,40
,,,,,No,No,No,No,Yes,No,60,40
,,,,,No,Yes,No,No,Yes,No,55,45
,,,,,No,No,No,Yes,Yes,No,45,55
,,,,,No,No,No,No,Yes,Yes,55,45
,,,,,No,Yes,No,No,No,No,35,65
,,,,,No,No,No,Yes,No,No,30,70
,,,,,No,No,No,No,No,Yes,35,65
,,,,,No,No,No,No,No,No,55,45
,,,Roosevelt,Garner,Yes,No,No,No,No,No,75,25
,,,,,Yes,Yes,No,No,No,No,65,35
,,,,,Yes,No,No,Yes,No,No,55,45
,,,,,Yes,No,No,No,No,Yes,60,40
,,,,,No,No,Yes,No,No,No,85,15
,,,,,No,Yes,Yes,No,No,No,75,25
,,,,,No,No,Yes,Yes,No,No,65,35
,,,,,No,No,Yes,No,No,Yes,70,30
,,,,,No,No,No,No,Yes,No,70,30
,,,,,No,Yes,No,No,Yes,No,65,35
,,,,,No,No,No,Yes,Yes,No,55,45
,,,,,No,No,No,No,Yes,Yes,65,35
,,,,,No,Yes,No,No,No,No,45,55
,,,,,No,No,No,Yes,No,No,40,60
,,,,,No,No,No,No,No,Yes,45,55
,,,,,No,No,No,No,No,No,65,35
,,,,Long,Yes,No,No,No,No,No,70,30
,,,,,Yes,Yes,No,No,No,No,60,40
,,,,,Yes,No,No,Yes,No,No,50,50
,,,,,Yes,No,No,No,No,Yes,55,45
,,,,,No,No,Yes,No,No,No,80,20
,,,,,No,Yes,Yes,No,No,No,70,30
,,,,,No,No,Yes,Yes,No,No,60,40
,,,,,No,No,Yes,No,No,Yes,65,35
,,,,,No,No,No,No,Yes,No,65,35
,,,,,No,Yes,No,No,Yes,No,60,40
,,,,,No,No,No,Yes,Yes,No,50,50
,,,,,No,No,No,No,Yes,Yes,60,40
,,,,,No,Yes,No,No,No,No,40,60
,,,,,No,No,No,Yes,No,No,35,65
,,,,,No,No,No,No,No,Yes,40,60
,,,,,No,No,No,No,No,No,50,50
New York,358,47,Landon,Garner,Yes,No,No,No,No,No,70,30
,,,,,Yes,Yes,No,No,No,No,60,40
,,,,,Yes,No,No,Yes,No,No,50,50
,,,,,Yes,No,No,No,No,Yes,55,45
,,,,,No,No,Yes,No,No,No,80,20
,,,,,No,Yes,Yes,No,No,No,70,30
,,,,,No,No,Yes,Yes,No,No,60,40
,,,,,No,No,Yes,No,No,Yes,65,35
,,,,,No,No,No,No,Yes,No,65,35
,,,,,No,Yes,No,No,Yes,No,60,40
,,,,,No,No,No,Yes,Yes,No,50,50
,,,,,No,No,No,No,Yes,Yes,60,40
,,,,,No,Yes,No,No,No,No,40,60
,,,,,No,No,No,Yes,No,No,35,65
,,,,,No,No,No,No,No,Yes,40,60
,,,,,No,No,No,No,No,No,60,40
,,,,Long,Yes,No,No,No,No,No,65,35
,,,,,Yes,Yes,No,No,No,No,55,45
,,,,,Yes,No,No,Yes,No,No,45,55
,,,,,Yes,No,No,No,No,Yes,50,50
,,,,,No,No,Yes,No,No,No,75,25
,,,,,No,Yes,Yes,No,No,No,65,35
,,,,,No,No,Yes,Yes,No,No,55,45
,,,,,No,No,Yes,No,No,Yes,60,40
,,,,,No,No,No,No,Yes,No,60,40
,,,,,No,Yes,No,No,Yes,No,55,45
,,,,,No,No,No,Yes,Yes,No,45,55
,,,,,No,No,No,No,Yes,Yes,55,45
,,,,,No,Yes,No,No,No,No,35,65
,,,,,No,No,No,Yes,No,No,30,70
,,,,,No,No,No,No,No,Yes,35,65
,,,,,No,No,No,No,No,No,55,45
,,,Roosevelt,Garner,Yes,No,No,No,No,No,75,25
,,,,,Yes,Yes,No,No,No,No,65,35
,,,,,Yes,No,No,Yes,No,No,55,45
,,,,,Yes,No,No,No,No,Yes,60,40
,,,,,No,No,Yes,No,No,No,85,15
,,,,,No,Yes,Yes,No,No,No,75,25
,,,,,No,No,Yes,Yes,No,No,65,35
,,,,,No,No,Yes,No,No,Yes,70,30
,,,,,No,No,No,No,Yes,No,70,30
,,,,,No,Yes,No,No,Yes,No,65,35
,,,,,No,No,No,Yes,Yes,No,55,45
,,,,,No,No,No,No,Yes,Yes,65,35
,,,,,No,Yes,No,No,No,No,45,55
,,,,,No,No,No,Yes,No,No,40,60
,,,,,No,No,No,No,No,Yes,45,55
,,,,,No,No,No,No,No,No,65,35
,,,,Long,Yes,No,No,No,No,No,70,30
,,,,,Yes,Yes,No,No,No,No,60,40
,,,,,Yes,No,No,Yes,No,No,50,50
,,,,,Yes,No,No,No,No,Yes,55,45
,,,,,No,No,Yes,No,No,No,80,20
,,,,,No,Yes,Yes,No,No,No,70,30
,,,,,No,No,Yes,Yes,No,No,60,40
,,,,,No,No,Yes,No,No,Yes,65,35
,,,,,No,No,No,No,Yes,No,65,35
,,,,,No,Yes,No,No,Yes,No,60,40
,,,,,No,No,No,Yes,Yes,No,50,50
,,,,,No,No,No,No,Yes,Yes,60,40
,,,,,No,Yes,No,No,No,No,40,60
,,,,,No,No,No,Yes,No,No,35,65
,,,,,No,No,No,No,No,Yes,40,60
,,,,,No,No,No,No,No,No,50,50
Sum:,-,159,,,,,,,,,,
,,531,,,,,,,,,,
